str_date,str_time,V3,V4,V5,V6,V7,V8,V9,V10,V11,V12,V13,V14,V15,V16,V17,V18,V19,V20,V21,V22,V23,V24,V25,V26,V27,V28,V29,V30,V31,V32,V33
2016.04.01,00:15,0.812,0.729,0.768,0.77,0.792,0.807,0.805,0.811,0.741,0.762,0.744,0.541,0.573,0.644,0.435,0.435,0.196,0.231,0.043,-0.13,-0.053,-0.058,0.038,0.022,-0.066,-0.056,0.074,0.08,0.023,0,-0.001
2016.04.01,00:30,0.73,0.769,0.771,0.793,0.808,0.806,0.812,0.742,0.763,0.745,0.542,0.574,0.645,0.436,0.436,0.197,0.232,0.044,-0.129,-0.052,-0.057,0.039,0.023,-0.065,-0.055,0.075,0.081,0.024,0.001,0,-0.078
2016.04.01,00:45,0.847,0.849,0.871,0.886,0.884,0.89,0.82,0.841,0.823,0.62,0.652,0.723,0.514,0.514,0.275,0.31,0.122,-0.051,0.026,0.021,0.117,0.101,0.013,0.023,0.153,0.159,0.102,0.079,0.078,0,0.118
2016.04.01,01:00,0.731,0.753,0.768,0.766,0.772,0.702,0.723,0.705,0.502,0.534,0.605,0.396,0.396,0.157,0.192,0.004,-0.169,-0.092,-0.097,-0.001,-0.017,-0.105,-0.095,0.035,0.041,-0.016,-0.039,-0.04,-0.118,0,0.033
2016.04.01,01:15,0.72,0.735,0.733,0.739,0.669,0.69,0.672,0.469,0.501,0.572,0.363,0.363,0.124,0.159,-0.029,-0.202,-0.125,-0.13,-0.034,-0.05,-0.138,-0.128,0.002,0.008,-0.049,-0.072,-0.073,-0.151,-0.033,0,-0.049
2016.04.01,01:30,0.784,0.782,0.788,0.718,0.739,0.721,0.518,0.55,0.621,0.412,0.412,0.173,0.208,0.02,-0.153,-0.076,-0.081,0.015,-0.001,-0.089,-0.079,0.051,0.057,0,-0.023,-0.024,-0.102,0.016,0.049,0,0.192
2016.04.01,01:45,0.59,0.596,0.526,0.547,0.529,0.326,0.358,0.429,0.22,0.22,-0.019,0.016,-0.172,-0.345,-0.268,-0.273,-0.177,-0.193,-0.281,-0.271,-0.141,-0.135,-0.192,-0.215,-0.216,-0.294,-0.176,-0.143,-0.192,0,0.013
2016.04.01,02:00,0.583,0.513,0.534,0.516,0.313,0.345,0.416,0.207,0.207,-0.032,0.003,-0.185,-0.358,-0.281,-0.286,-0.19,-0.206,-0.294,-0.284,-0.154,-0.148,-0.205,-0.228,-0.229,-0.307,-0.189,-0.156,-0.205,-0.013,0,0.055
2016.04.01,02:15,0.458,0.479,0.461,0.258,0.29,0.361,0.152,0.152,-0.087,-0.052,-0.24,-0.413,-0.336,-0.341,-0.245,-0.261,-0.349,-0.339,-0.209,-0.203,-0.26,-0.283,-0.284,-0.362,-0.244,-0.211,-0.26,-0.068,-0.055,0,0.268
2016.04.01,02:30,0.211,0.193,-0.01,0.022,0.093,-0.116,-0.116,-0.355,-0.32,-0.508,-0.681,-0.604,-0.609,-0.513,-0.529,-0.617,-0.607,-0.477,-0.471,-0.528,-0.551,-0.552,-0.63,-0.512,-0.479,-0.528,-0.336,-0.323,-0.268,0,-0.205
2016.04.01,02:45,0.398,0.195,0.227,0.298,0.089,0.089,-0.15,-0.115,-0.303,-0.476,-0.399,-0.404,-0.308,-0.324,-0.412,-0.402,-0.272,-0.266,-0.323,-0.346,-0.347,-0.425,-0.307,-0.274,-0.323,-0.131,-0.118,-0.063,0.205,0,-0.217
2016.04.01,03:00,0.412,0.444,0.515,0.306,0.306,0.067,0.102,-0.086,-0.259,-0.182,-0.187,-0.091,-0.107,-0.195,-0.185,-0.055,-0.049,-0.106,-0.129,-0.13,-0.208,-0.09,-0.057,-0.106,0.086,0.099,0.154,0.422,0.217,0,-0.126
2016.04.01,03:15,0.57,0.641,0.432,0.432,0.193,0.228,0.04,-0.133,-0.056,-0.061,0.035,0.019,-0.069,-0.059,0.071,0.077,0.02,-0.003,-0.004,-0.082,0.036,0.069,0.02,0.212,0.225,0.28,0.548,0.343,0.126,0,0.018
2016.04.01,03:30,0.623,0.414,0.414,0.175,0.21,0.022,-0.151,-0.074,-0.079,0.017,0.001,-0.087,-0.077,0.053,0.059,0.002,-0.021,-0.022,-0.1,0.018,0.051,0.002,0.194,0.207,0.262,0.53,0.325,0.108,-0.018,0,0.34
2016.04.01,03:45,0.074,0.074,-0.165,-0.13,-0.318,-0.491,-0.414,-0.419,-0.323,-0.339,-0.427,-0.417,-0.287,-0.281,-0.338,-0.361,-0.362,-0.44,-0.322,-0.289,-0.338,-0.146,-0.133,-0.078,0.19,-0.015,-0.232,-0.358,-0.34,0,0.019
2016.04.01,04:00,0.055,-0.184,-0.149,-0.337,-0.51,-0.433,-0.438,-0.342,-0.358,-0.446,-0.436,-0.306,-0.3,-0.357,-0.38,-0.381,-0.459,-0.341,-0.308,-0.357,-0.165,-0.152,-0.097,0.171,-0.034,-0.251,-0.377,-0.359,-0.019,0,-0.22
2016.04.01,04:15,0.036,0.071,-0.117,-0.29,-0.213,-0.218,-0.122,-0.138,-0.226,-0.216,-0.086,-0.08,-0.137,-0.16,-0.161,-0.239,-0.121,-0.088,-0.137,0.055,0.068,0.123,0.391,0.186,-0.031,-0.157,-0.139,0.201,0.22,0,-0.102
2016.04.01,04:30,0.173,-0.015,-0.188,-0.111,-0.116,-0.02,-0.036,-0.124,-0.114,0.016,0.022,-0.035,-0.058,-0.059,-0.137,-0.019,0.014,-0.035,0.157,0.17,0.225,0.493,0.288,0.071,-0.055,-0.037,0.303,0.322,0.102,0,0.007
2016.04.01,04:45,-0.022,-0.195,-0.118,-0.123,-0.027,-0.043,-0.131,-0.121,0.009,0.015,-0.042,-0.065,-0.066,-0.144,-0.026,0.007,-0.042,0.15,0.163,0.218,0.486,0.281,0.064,-0.062,-0.044,0.296,0.315,0.095,-0.007,0,-0.062
2016.04.01,05:00,-0.133,-0.056,-0.061,0.035,0.019,-0.069,-0.059,0.071,0.077,0.02,-0.003,-0.004,-0.082,0.036,0.069,0.02,0.212,0.225,0.28,0.548,0.343,0.126,0,0.018,0.358,0.377,0.157,0.055,0.062,0,-0.032
2016.04.01,05:15,-0.024,-0.029,0.067,0.051,-0.037,-0.027,0.103,0.109,0.052,0.029,0.028,-0.05,0.068,0.101,0.052,0.244,0.257,0.312,0.58,0.375,0.158,0.032,0.05,0.39,0.409,0.189,0.087,0.094,0.032,0,-0.147
2016.04.01,05:30,0.118,0.214,0.198,0.11,0.12,0.25,0.256,0.199,0.176,0.175,0.097,0.215,0.248,0.199,0.391,0.404,0.459,0.727,0.522,0.305,0.179,0.197,0.537,0.556,0.336,0.234,0.241,0.179,0.147,0,-0.077
2016.04.01,05:45,0.291,0.275,0.187,0.197,0.327,0.333,0.276,0.253,0.252,0.174,0.292,0.325,0.276,0.468,0.481,0.536,0.804,0.599,0.382,0.256,0.274,0.614,0.633,0.413,0.311,0.318,0.256,0.224,0.077,0,-0.042
2016.04.01,06:00,0.317,0.229,0.239,0.369,0.375,0.318,0.295,0.294,0.216,0.334,0.367,0.318,0.51,0.523,0.578,0.846,0.641,0.424,0.298,0.316,0.656,0.675,0.455,0.353,0.36,0.298,0.266,0.119,0.042,0,-0.117
2016.04.01,06:15,0.346,0.356,0.486,0.492,0.435,0.412,0.411,0.333,0.451,0.484,0.435,0.627,0.64,0.695,0.963,0.758,0.541,0.415,0.433,0.773,0.792,0.572,0.47,0.477,0.415,0.383,0.236,0.159,0.117,0,-0.233
2016.04.01,06:30,0.589,0.719,0.725,0.668,0.645,0.644,0.566,0.684,0.717,0.668,0.86,0.873,0.928,1.196,0.991,0.774,0.648,0.666,1.006,1.025,0.805,0.703,0.71,0.648,0.616,0.469,0.392,0.35,0.233,0,0.034
2016.04.01,06:45,0.685,0.691,0.634,0.611,0.61,0.532,0.65,0.683,0.634,0.826,0.839,0.894,1.162,0.957,0.74,0.614,0.632,0.972,0.991,0.771,0.669,0.676,0.614,0.582,0.435,0.358,0.316,0.199,-0.034,0,0.056
2016.04.01,07:00,0.635,0.578,0.555,0.554,0.476,0.594,0.627,0.578,0.77,0.783,0.838,1.106,0.901,0.684,0.558,0.576,0.916,0.935,0.715,0.613,0.62,0.558,0.526,0.379,0.302,0.26,0.143,-0.09,-0.056,0,-0.012
2016.04.01,07:15,0.59,0.567,0.566,0.488,0.606,0.639,0.59,0.782,0.795,0.85,1.118,0.913,0.696,0.57,0.588,0.928,0.947,0.727,0.625,0.632,0.57,0.538,0.391,0.314,0.272,0.155,-0.078,-0.044,0.012,0,0.075
2016.04.01,07:30,0.492,0.491,0.413,0.531,0.564,0.515,0.707,0.72,0.775,1.043,0.838,0.621,0.495,0.513,0.853,0.872,0.652,0.55,0.557,0.495,0.463,0.316,0.239,0.197,0.08,-0.153,-0.119,-0.063,-0.075,0,-0.105
2016.04.01,07:45,0.596,0.518,0.636,0.669,0.62,0.812,0.825,0.88,1.148,0.943,0.726,0.6,0.618,0.958,0.977,0.757,0.655,0.662,0.6,0.568,0.421,0.344,0.302,0.185,-0.048,-0.014,0.042,0.03,0.105,0,0.139
2016.04.01,08:00,0.379,0.497,0.53,0.481,0.673,0.686,0.741,1.009,0.804,0.587,0.461,0.479,0.819,0.838,0.618,0.516,0.523,0.461,0.429,0.282,0.205,0.163,0.046,-0.187,-0.153,-0.097,-0.109,-0.034,-0.139,0,-0.592
2016.04.01,08:15,1.089,1.122,1.073,1.265,1.278,1.333,1.601,1.396,1.179,1.053,1.071,1.411,1.43,1.21,1.108,1.115,1.053,1.021,0.874,0.797,0.755,0.638,0.405,0.439,0.495,0.483,0.558,0.453,0.592,0,-0.235
2016.04.01,08:30,1.357,1.308,1.5,1.513,1.568,1.836,1.631,1.414,1.288,1.306,1.646,1.665,1.445,1.343,1.35,1.288,1.256,1.109,1.032,0.99,0.873,0.64,0.674,0.73,0.718,0.793,0.688,0.827,0.235,0,-0.394
2016.04.01,08:45,1.702,1.894,1.907,1.962,2.23,2.025,1.808,1.682,1.7,2.04,2.059,1.839,1.737,1.744,1.682,1.65,1.503,1.426,1.384,1.267,1.034,1.068,1.124,1.112,1.187,1.082,1.221,0.629,0.394,0,0.065
2016.04.01,09:00,1.829,1.842,1.897,2.165,1.96,1.743,1.617,1.635,1.975,1.994,1.774,1.672,1.679,1.617,1.585,1.438,1.361,1.319,1.202,0.969,1.003,1.059,1.047,1.122,1.017,1.156,0.564,0.329,-0.065,0,-0.114
2016.04.01,09:15,1.956,2.011,2.279,2.074,1.857,1.731,1.749,2.089,2.108,1.888,1.786,1.793,1.731,1.699,1.552,1.475,1.433,1.316,1.083,1.117,1.173,1.161,1.236,1.131,1.27,0.678,0.443,0.049,0.114,0,-0.186
2016.04.01,09:30,2.197,2.465,2.26,2.043,1.917,1.935,2.275,2.294,2.074,1.972,1.979,1.917,1.885,1.738,1.661,1.619,1.502,1.269,1.303,1.359,1.347,1.422,1.317,1.456,0.864,0.629,0.235,0.3,0.186,0,0.452
2016.04.01,09:45,2.013,1.808,1.591,1.465,1.483,1.823,1.842,1.622,1.52,1.527,1.465,1.433,1.286,1.209,1.167,1.05,0.817,0.851,0.907,0.895,0.97,0.865,1.004,0.412,0.177,-0.217,-0.152,-0.266,-0.452,0,-0.14
2016.04.01,10:00,1.948,1.731,1.605,1.623,1.963,1.982,1.762,1.66,1.667,1.605,1.573,1.426,1.349,1.307,1.19,0.957,0.991,1.047,1.035,1.11,1.005,1.144,0.552,0.317,-0.077,-0.012,-0.126,-0.312,0.14,0,0.21
2016.04.01,10:15,1.521,1.395,1.413,1.753,1.772,1.552,1.45,1.457,1.395,1.363,1.216,1.139,1.097,0.98,0.747,0.781,0.837,0.825,0.9,0.795,0.934,0.342,0.107,-0.287,-0.222,-0.336,-0.522,-0.07,-0.21,0,-0.065
2016.04.01,10:30,1.46,1.478,1.818,1.837,1.617,1.515,1.522,1.46,1.428,1.281,1.204,1.162,1.045,0.812,0.846,0.902,0.89,0.965,0.86,0.999,0.407,0.172,-0.222,-0.157,-0.271,-0.457,-0.005,-0.145,0.065,0,-0.125
2016.04.01,10:45,1.603,1.943,1.962,1.742,1.64,1.647,1.585,1.553,1.406,1.329,1.287,1.17,0.937,0.971,1.027,1.015,1.09,0.985,1.124,0.532,0.297,-0.097,-0.032,-0.146,-0.332,0.12,-0.02,0.19,0.125,0,-0.182
2016.04.01,11:00,2.125,2.144,1.924,1.822,1.829,1.767,1.735,1.588,1.511,1.469,1.352,1.119,1.153,1.209,1.197,1.272,1.167,1.306,0.714,0.479,0.085,0.15,0.036,-0.15,0.302,0.162,0.372,0.307,0.182,0,0.196
2016.04.01,11:15,1.948,1.728,1.626,1.633,1.571,1.539,1.392,1.315,1.273,1.156,0.923,0.957,1.013,1.001,1.076,0.971,1.11,0.518,0.283,-0.111,-0.046,-0.16,-0.346,0.106,-0.034,0.176,0.111,-0.014,-0.196,0,-0.163
2016.04.01,11:30,1.891,1.789,1.796,1.734,1.702,1.555,1.478,1.436,1.319,1.086,1.12,1.176,1.164,1.239,1.134,1.273,0.681,0.446,0.052,0.117,0.003,-0.183,0.269,0.129,0.339,0.274,0.149,-0.033,0.163,0,0.01
2016.04.01,11:45,1.779,1.786,1.724,1.692,1.545,1.468,1.426,1.309,1.076,1.11,1.166,1.154,1.229,1.124,1.263,0.671,0.436,0.042,0.107,-0.007,-0.193,0.259,0.119,0.329,0.264,0.139,-0.043,0.153,-0.01,0,-0.122
2016.04.01,12:00,1.908,1.846,1.814,1.667,1.59,1.548,1.431,1.198,1.232,1.288,1.276,1.351,1.246,1.385,0.793,0.558,0.164,0.229,0.115,-0.071,0.381,0.241,0.451,0.386,0.261,0.079,0.275,0.112,0.122,0,-0.08
2016.04.01,12:15,1.926,1.894,1.747,1.67,1.628,1.511,1.278,1.312,1.368,1.356,1.431,1.326,1.465,0.873,0.638,0.244,0.309,0.195,0.009,0.461,0.321,0.531,0.466,0.341,0.159,0.355,0.192,0.202,0.08,0,-0.047
2016.04.01,12:30,1.941,1.794,1.717,1.675,1.558,1.325,1.359,1.415,1.403,1.478,1.373,1.512,0.92,0.685,0.291,0.356,0.242,0.056,0.508,0.368,0.578,0.513,0.388,0.206,0.402,0.239,0.249,0.127,0.047,0,0.117
2016.04.01,12:45,1.677,1.6,1.558,1.441,1.208,1.242,1.298,1.286,1.361,1.256,1.395,0.803,0.568,0.174,0.239,0.125,-0.061,0.391,0.251,0.461,0.396,0.271,0.089,0.285,0.122,0.132,0.01,-0.07,-0.117,0,-0.089
2016.04.01,13:00,1.689,1.647,1.53,1.297,1.331,1.387,1.375,1.45,1.345,1.484,0.892,0.657,0.263,0.328,0.214,0.028,0.48,0.34,0.55,0.485,0.36,0.178,0.374,0.211,0.221,0.099,0.019,-0.028,0.089,0,0.005
2016.04.01,13:15,1.642,1.525,1.292,1.326,1.382,1.37,1.445,1.34,1.479,0.887,0.652,0.258,0.323,0.209,0.023,0.475,0.335,0.545,0.48,0.355,0.173,0.369,0.206,0.216,0.094,0.014,-0.033,0.084,-0.005,0,-0.099
2016.04.01,13:30,1.624,1.391,1.425,1.481,1.469,1.544,1.439,1.578,0.986,0.751,0.357,0.422,0.308,0.122,0.574,0.434,0.644,0.579,0.454,0.272,0.468,0.305,0.315,0.193,0.113,0.066,0.183,0.094,0.099,0,-0.001
2016.04.01,13:45,1.392,1.426,1.482,1.47,1.545,1.44,1.579,0.987,0.752,0.358,0.423,0.309,0.123,0.575,0.435,0.645,0.58,0.455,0.273,0.469,0.306,0.316,0.194,0.114,0.067,0.184,0.095,0.1,0.001,0,0.045
2016.04.01,14:00,1.381,1.437,1.425,1.5,1.395,1.534,0.942,0.707,0.313,0.378,0.264,0.078,0.53,0.39,0.6,0.535,0.41,0.228,0.424,0.261,0.271,0.149,0.069,0.022,0.139,0.05,0.055,-0.044,-0.045,0,-0.065
2016.04.01,14:15,1.502,1.49,1.565,1.46,1.599,1.007,0.772,0.378,0.443,0.329,0.143,0.595,0.455,0.665,0.6,0.475,0.293,0.489,0.326,0.336,0.214,0.134,0.087,0.204,0.115,0.12,0.021,0.02,0.065,0,-0.026
2016.04.01,14:30,1.516,1.591,1.486,1.625,1.033,0.798,0.404,0.469,0.355,0.169,0.621,0.481,0.691,0.626,0.501,0.319,0.515,0.352,0.362,0.24,0.16,0.113,0.23,0.141,0.146,0.047,0.046,0.091,0.026,0,0.056
2016.04.01,14:45,1.535,1.43,1.569,0.977,0.742,0.348,0.413,0.299,0.113,0.565,0.425,0.635,0.57,0.445,0.263,0.459,0.296,0.306,0.184,0.104,0.057,0.174,0.085,0.09,-0.009,-0.01,0.035,-0.03,-0.056,0,-0.115
2016.04.01,15:00,1.545,1.684,1.092,0.857,0.463,0.528,0.414,0.228,0.68,0.54,0.75,0.685,0.56,0.378,0.574,0.411,0.421,0.299,0.219,0.172,0.289,0.2,0.205,0.106,0.105,0.15,0.085,0.059,0.115,0,0.039
2016.04.01,15:15,1.645,1.053,0.818,0.424,0.489,0.375,0.189,0.641,0.501,0.711,0.646,0.521,0.339,0.535,0.372,0.382,0.26,0.18,0.133,0.25,0.161,0.166,0.067,0.066,0.111,0.046,0.02,0.076,-0.039,0,0.038
2016.04.01,15:30,1.015,0.78,0.386,0.451,0.337,0.151,0.603,0.463,0.673,0.608,0.483,0.301,0.497,0.334,0.344,0.222,0.142,0.095,0.212,0.123,0.128,0.029,0.028,0.073,0.008,-0.018,0.038,-0.077,-0.038,0,0.05
2016.04.01,15:45,0.73,0.336,0.401,0.287,0.101,0.553,0.413,0.623,0.558,0.433,0.251,0.447,0.284,0.294,0.172,0.092,0.045,0.162,0.073,0.078,-0.021,-0.022,0.023,-0.042,-0.068,-0.012,-0.127,-0.088,-0.05,0,-0.048
2016.04.01,16:00,0.384,0.449,0.335,0.149,0.601,0.461,0.671,0.606,0.481,0.299,0.495,0.332,0.342,0.22,0.14,0.093,0.21,0.121,0.126,0.027,0.026,0.071,0.006,-0.02,0.036,-0.079,-0.04,-0.002,0.048,0,-0.067
2016.04.01,16:15,0.516,0.402,0.216,0.668,0.528,0.738,0.673,0.548,0.366,0.562,0.399,0.409,0.287,0.207,0.16,0.277,0.188,0.193,0.094,0.093,0.138,0.073,0.047,0.103,-0.012,0.027,0.065,0.115,0.067,0,-0.011
2016.04.01,16:30,0.413,0.227,0.679,0.539,0.749,0.684,0.559,0.377,0.573,0.41,0.42,0.298,0.218,0.171,0.288,0.199,0.204,0.105,0.104,0.149,0.084,0.058,0.114,-0.001,0.038,0.076,0.126,0.078,0.011,0,-0.055
2016.04.01,16:45,0.282,0.734,0.594,0.804,0.739,0.614,0.432,0.628,0.465,0.475,0.353,0.273,0.226,0.343,0.254,0.259,0.16,0.159,0.204,0.139,0.113,0.169,0.054,0.093,0.131,0.181,0.133,0.066,0.055,0,0.123
2016.04.01,17:00,0.611,0.471,0.681,0.616,0.491,0.309,0.505,0.342,0.352,0.23,0.15,0.103,0.22,0.131,0.136,0.037,0.036,0.081,0.016,-0.01,0.046,-0.069,-0.03,0.008,0.058,0.01,-0.057,-0.068,-0.123,0,-0.054
2016.04.01,17:15,0.525,0.735,0.67,0.545,0.363,0.559,0.396,0.406,0.284,0.204,0.157,0.274,0.185,0.19,0.091,0.09,0.135,0.07,0.044,0.1,-0.015,0.024,0.062,0.112,0.064,-0.003,-0.014,-0.069,0.054,0,-0.116
2016.04.01,17:30,0.851,0.786,0.661,0.479,0.675,0.512,0.522,0.4,0.32,0.273,0.39,0.301,0.306,0.207,0.206,0.251,0.186,0.16,0.216,0.101,0.14,0.178,0.228,0.18,0.113,0.102,0.047,0.17,0.116,0,0.13
2016.04.01,17:45,0.656,0.531,0.349,0.545,0.382,0.392,0.27,0.19,0.143,0.26,0.171,0.176,0.077,0.076,0.121,0.056,0.03,0.086,-0.029,0.01,0.048,0.098,0.05,-0.017,-0.028,-0.083,0.04,-0.014,-0.13,0,0.063
2016.04.01,18:00,0.468,0.286,0.482,0.319,0.329,0.207,0.127,0.08,0.197,0.108,0.113,0.014,0.013,0.058,-0.007,-0.033,0.023,-0.092,-0.053,-0.015,0.035,-0.013,-0.08,-0.091,-0.146,-0.023,-0.077,-0.193,-0.063,0,0.091
2016.04.01,18:15,0.195,0.391,0.228,0.238,0.116,0.036,-0.011,0.106,0.017,0.022,-0.077,-0.078,-0.033,-0.098,-0.124,-0.068,-0.183,-0.144,-0.106,-0.056,-0.104,-0.171,-0.182,-0.237,-0.114,-0.168,-0.284,-0.154,-0.091,0,-0.045
2016.04.01,18:30,0.436,0.273,0.283,0.161,0.081,0.034,0.151,0.062,0.067,-0.032,-0.033,0.012,-0.053,-0.079,-0.023,-0.138,-0.099,-0.061,-0.011,-0.059,-0.126,-0.137,-0.192,-0.069,-0.123,-0.239,-0.109,-0.046,0.045,0,0.034
2016.04.01,18:45,0.239,0.249,0.127,0.047,0,0.117,0.028,0.033,-0.066,-0.067,-0.022,-0.087,-0.113,-0.057,-0.172,-0.133,-0.095,-0.045,-0.093,-0.16,-0.171,-0.226,-0.103,-0.157,-0.273,-0.143,-0.08,0.011,-0.034,0,0.025
2016.04.01,19:00,0.224,0.102,0.022,-0.025,0.092,0.003,0.008,-0.091,-0.092,-0.047,-0.112,-0.138,-0.082,-0.197,-0.158,-0.12,-0.07,-0.118,-0.185,-0.196,-0.251,-0.128,-0.182,-0.298,-0.168,-0.105,-0.014,-0.059,-0.025,0,0.05
2016.04.01,19:15,0.052,-0.028,-0.075,0.042,-0.047,-0.042,-0.141,-0.142,-0.097,-0.162,-0.188,-0.132,-0.247,-0.208,-0.17,-0.12,-0.168,-0.235,-0.246,-0.301,-0.178,-0.232,-0.348,-0.218,-0.155,-0.064,-0.109,-0.075,-0.05,0,-0.113
2016.04.01,19:30,0.085,0.038,0.155,0.066,0.071,-0.028,-0.029,0.016,-0.049,-0.075,-0.019,-0.134,-0.095,-0.057,-0.007,-0.055,-0.122,-0.133,-0.188,-0.065,-0.119,-0.235,-0.105,-0.042,0.049,0.004,0.038,0.063,0.113,0,-0.182
2016.04.01,19:45,0.22,0.337,0.248,0.253,0.154,0.153,0.198,0.133,0.107,0.163,0.048,0.087,0.125,0.175,0.127,0.06,0.049,-0.006,0.117,0.063,-0.053,0.077,0.14,0.231,0.186,0.22,0.245,0.295,0.182,0,0.1
2016.04.01,20:00,0.237,0.148,0.153,0.054,0.053,0.098,0.033,0.007,0.063,-0.052,-0.013,0.025,0.075,0.027,-0.04,-0.051,-0.106,0.017,-0.037,-0.153,-0.023,0.04,0.131,0.086,0.12,0.145,0.195,0.082,-0.1,0,0.084
2016.04.01,20:15,0.064,0.069,-0.03,-0.031,0.014,-0.051,-0.077,-0.021,-0.136,-0.097,-0.059,-0.009,-0.057,-0.124,-0.135,-0.19,-0.067,-0.121,-0.237,-0.107,-0.044,0.047,0.002,0.036,0.061,0.111,-0.002,-0.184,-0.084,0,-0.182
2016.04.01,20:30,0.251,0.152,0.151,0.196,0.131,0.105,0.161,0.046,0.085,0.123,0.173,0.125,0.058,0.047,-0.008,0.115,0.061,-0.055,0.075,0.138,0.229,0.184,0.218,0.243,0.293,0.18,-0.002,0.098,0.182,0,0.011
2016.04.01,20:45,0.141,0.14,0.185,0.12,0.094,0.15,0.035,0.074,0.112,0.162,0.114,0.047,0.036,-0.019,0.104,0.05,-0.066,0.064,0.127,0.218,0.173,0.207,0.232,0.282,0.169,-0.013,0.087,0.171,-0.011,0,-0.063
2016.04.01,21:00,0.203,0.248,0.183,0.157,0.213,0.098,0.137,0.175,0.225,0.177,0.11,0.099,0.044,0.167,0.113,-0.003,0.127,0.19,0.281,0.236,0.27,0.295,0.345,0.232,0.05,0.15,0.234,0.052,0.063,0,-0.169
2016.04.01,21:15,0.417,0.352,0.326,0.382,0.267,0.306,0.344,0.394,0.346,0.279,0.268,0.213,0.336,0.282,0.166,0.296,0.359,0.45,0.405,0.439,0.464,0.514,0.401,0.219,0.319,0.403,0.221,0.232,0.169,0,0.146
2016.04.01,21:30,0.206,0.18,0.236,0.121,0.16,0.198,0.248,0.2,0.133,0.122,0.067,0.19,0.136,0.02,0.15,0.213,0.304,0.259,0.293,0.318,0.368,0.255,0.073,0.173,0.257,0.075,0.086,0.023,-0.146,0,-0.104
2016.04.01,21:45,0.284,0.34,0.225,0.264,0.302,0.352,0.304,0.237,0.226,0.171,0.294,0.24,0.124,0.254,0.317,0.408,0.363,0.397,0.422,0.472,0.359,0.177,0.277,0.361,0.179,0.19,0.127,-0.042,0.104,0,0.152
2016.04.01,22:00,0.188,0.073,0.112,0.15,0.2,0.152,0.085,0.074,0.019,0.142,0.088,-0.028,0.102,0.165,0.256,0.211,0.245,0.27,0.32,0.207,0.025,0.125,0.209,0.027,0.038,-0.025,-0.194,-0.048,-0.152,0,-0.013
2016.04.01,22:15,0.086,0.125,0.163,0.213,0.165,0.098,0.087,0.032,0.155,0.101,-0.015,0.115,0.178,0.269,0.224,0.258,0.283,0.333,0.22,0.038,0.138,0.222,0.04,0.051,-0.012,-0.181,-0.035,-0.139,0.013,0,0.115
2016.04.01,22:30,0.01,0.048,0.098,0.05,-0.017,-0.028,-0.083,0.04,-0.014,-0.13,0,0.063,0.154,0.109,0.143,0.168,0.218,0.105,-0.077,0.023,0.107,-0.075,-0.064,-0.127,-0.296,-0.15,-0.254,-0.102,-0.115,0,-0.01
2016.04.01,22:45,0.058,0.108,0.06,-0.007,-0.018,-0.073,0.05,-0.004,-0.12,0.01,0.073,0.164,0.119,0.153,0.178,0.228,0.115,-0.067,0.033,0.117,-0.065,-0.054,-0.117,-0.286,-0.14,-0.244,-0.092,-0.105,0.01,0,-0.02
2016.04.01,23:00,0.128,0.08,0.013,0.002,-0.053,0.07,0.016,-0.1,0.03,0.093,0.184,0.139,0.173,0.198,0.248,0.135,-0.047,0.053,0.137,-0.045,-0.034,-0.097,-0.266,-0.12,-0.224,-0.072,-0.085,0.03,0.02,0,-0.159
2016.04.01,23:15,0.239,0.172,0.161,0.106,0.229,0.175,0.059,0.189,0.252,0.343,0.298,0.332,0.357,0.407,0.294,0.112,0.212,0.296,0.114,0.125,0.062,-0.107,0.039,-0.065,0.087,0.074,0.189,0.179,0.159,0,-0.077
2016.04.01,23:30,0.249,0.238,0.183,0.306,0.252,0.136,0.266,0.329,0.42,0.375,0.409,0.434,0.484,0.371,0.189,0.289,0.373,0.191,0.202,0.139,-0.03,0.116,0.012,0.164,0.151,0.266,0.256,0.236,0.077,0,0.077
2016.04.01,23:45,0.161,0.106,0.229,0.175,0.059,0.189,0.252,0.343,0.298,0.332,0.357,0.407,0.294,0.112,0.212,0.296,0.114,0.125,0.062,-0.107,0.039,-0.065,0.087,0.074,0.189,0.179,0.159,0,-0.077,0,-0.006
2016.04.04,00:00,0.112,0.235,0.181,0.065,0.195,0.258,0.349,0.304,0.338,0.363,0.413,0.3,0.118,0.218,0.302,0.12,0.131,0.068,-0.101,0.045,-0.059,0.093,0.08,0.195,0.185,0.165,0.006,-0.071,0.006,0,0.064
2016.04.04,00:15,0.171,0.117,0.001,0.131,0.194,0.285,0.24,0.274,0.299,0.349,0.236,0.054,0.154,0.238,0.056,0.067,0.004,-0.165,-0.019,-0.123,0.029,0.016,0.131,0.121,0.101,-0.058,-0.135,-0.058,-0.064,0,-0.023
2016.04.04,00:30,0.14,0.024,0.154,0.217,0.308,0.263,0.297,0.322,0.372,0.259,0.077,0.177,0.261,0.079,0.09,0.027,-0.142,0.004,-0.1,0.052,0.039,0.154,0.144,0.124,-0.035,-0.112,-0.035,-0.041,0.023,0,-0.082
2016.04.04,00:45,0.106,0.236,0.299,0.39,0.345,0.379,0.404,0.454,0.341,0.159,0.259,0.343,0.161,0.172,0.109,-0.06,0.086,-0.018,0.134,0.121,0.236,0.226,0.206,0.047,-0.03,0.047,0.041,0.105,0.082,0,-0.185
2016.04.04,01:00,0.421,0.484,0.575,0.53,0.564,0.589,0.639,0.526,0.344,0.444,0.528,0.346,0.357,0.294,0.125,0.271,0.167,0.319,0.306,0.421,0.411,0.391,0.232,0.155,0.232,0.226,0.29,0.267,0.185,0,0.112
2016.04.04,01:15,0.372,0.463,0.418,0.452,0.477,0.527,0.414,0.232,0.332,0.416,0.234,0.245,0.182,0.013,0.159,0.055,0.207,0.194,0.309,0.299,0.279,0.12,0.043,0.12,0.114,0.178,0.155,0.073,-0.112,0,-0.043
2016.04.04,01:30,0.506,0.461,0.495,0.52,0.57,0.457,0.275,0.375,0.459,0.277,0.288,0.225,0.056,0.202,0.098,0.25,0.237,0.352,0.342,0.322,0.163,0.086,0.163,0.157,0.221,0.198,0.116,-0.069,0.043,0,-0.129
2016.04.04,01:45,0.59,0.624,0.649,0.699,0.586,0.404,0.504,0.588,0.406,0.417,0.354,0.185,0.331,0.227,0.379,0.366,0.481,0.471,0.451,0.292,0.215,0.292,0.286,0.35,0.327,0.245,0.06,0.172,0.129,0,0.117
2016.04.04,02:00,0.507,0.532,0.582,0.469,0.287,0.387,0.471,0.289,0.3,0.237,0.068,0.214,0.11,0.262,0.249,0.364,0.354,0.334,0.175,0.098,0.175,0.169,0.233,0.21,0.128,-0.057,0.055,0.012,-0.117,0,-0.055
2016.04.04,02:15,0.587,0.637,0.524,0.342,0.442,0.526,0.344,0.355,0.292,0.123,0.269,0.165,0.317,0.304,0.419,0.409,0.389,0.23,0.153,0.23,0.224,0.288,0.265,0.183,-0.002,0.11,0.067,-0.062,0.055,0,0
2016.04.04,02:30,0.637,0.524,0.342,0.442,0.526,0.344,0.355,0.292,0.123,0.269,0.165,0.317,0.304,0.419,0.409,0.389,0.23,0.153,0.23,0.224,0.288,0.265,0.183,-0.002,0.11,0.067,-0.062,0.055,0,0,0.012
2016.04.04,02:45,0.512,0.33,0.43,0.514,0.332,0.343,0.28,0.111,0.257,0.153,0.305,0.292,0.407,0.397,0.377,0.218,0.141,0.218,0.212,0.276,0.253,0.171,-0.014,0.098,0.055,-0.074,0.043,-0.012,-0.012,0,0.093
2016.04.04,03:00,0.237,0.337,0.421,0.239,0.25,0.187,0.018,0.164,0.06,0.212,0.199,0.314,0.304,0.284,0.125,0.048,0.125,0.119,0.183,0.16,0.078,-0.107,0.005,-0.038,-0.167,-0.05,-0.105,-0.105,-0.093,0,-0.007
2016.04.04,03:15,0.344,0.428,0.246,0.257,0.194,0.025,0.171,0.067,0.219,0.206,0.321,0.311,0.291,0.132,0.055,0.132,0.126,0.19,0.167,0.085,-0.1,0.012,-0.031,-0.16,-0.043,-0.098,-0.098,-0.086,0.007,0,0.107
2016.04.04,03:30,0.321,0.139,0.15,0.087,-0.082,0.064,-0.04,0.112,0.099,0.214,0.204,0.184,0.025,-0.052,0.025,0.019,0.083,0.06,-0.022,-0.207,-0.095,-0.138,-0.267,-0.15,-0.205,-0.205,-0.193,-0.1,-0.107,0,0.281
2016.04.04,03:45,-0.142,-0.131,-0.194,-0.363,-0.217,-0.321,-0.169,-0.182,-0.067,-0.077,-0.097,-0.256,-0.333,-0.256,-0.262,-0.198,-0.221,-0.303,-0.488,-0.376,-0.419,-0.548,-0.431,-0.486,-0.486,-0.474,-0.381,-0.388,-0.281,0,-0.184
2016.04.04,04:00,0.053,-0.01,-0.179,-0.033,-0.137,0.015,0.002,0.117,0.107,0.087,-0.072,-0.149,-0.072,-0.078,-0.014,-0.037,-0.119,-0.304,-0.192,-0.235,-0.364,-0.247,-0.302,-0.302,-0.29,-0.197,-0.204,-0.097,0.184,0,-0.131
2016.04.04,04:15,0.121,-0.048,0.098,-0.006,0.146,0.133,0.248,0.238,0.218,0.059,-0.018,0.059,0.053,0.117,0.094,0.012,-0.173,-0.061,-0.104,-0.233,-0.116,-0.171,-0.171,-0.159,-0.066,-0.073,0.034,0.315,0.131,0,-0.16
2016.04.04,04:30,0.112,0.258,0.154,0.306,0.293,0.408,0.398,0.378,0.219,0.142,0.219,0.213,0.277,0.254,0.172,-0.013,0.099,0.056,-0.073,0.044,-0.011,-0.011,0.001,0.094,0.087,0.194,0.475,0.291,0.16,0,0.096
2016.04.04,04:45,0.162,0.058,0.21,0.197,0.312,0.302,0.282,0.123,0.046,0.123,0.117,0.181,0.158,0.076,-0.109,0.003,-0.04,-0.169,-0.052,-0.107,-0.107,-0.095,-0.002,-0.009,0.098,0.379,0.195,0.064,-0.096,0,0.138
2016.04.04,05:00,-0.08,0.072,0.059,0.174,0.164,0.144,-0.015,-0.092,-0.015,-0.021,0.043,0.02,-0.062,-0.247,-0.135,-0.178,-0.307,-0.19,-0.245,-0.245,-0.233,-0.14,-0.147,-0.04,0.241,0.057,-0.074,-0.234,-0.138,0,0.288
2016.04.04,05:15,-0.216,-0.229,-0.114,-0.124,-0.144,-0.303,-0.38,-0.303,-0.309,-0.245,-0.268,-0.35,-0.535,-0.423,-0.466,-0.595,-0.478,-0.533,-0.533,-0.521,-0.428,-0.435,-0.328,-0.047,-0.231,-0.362,-0.522,-0.426,-0.288,0,-0.064
2016.04.04,05:30,-0.165,-0.05,-0.06,-0.08,-0.239,-0.316,-0.239,-0.245,-0.181,-0.204,-0.286,-0.471,-0.359,-0.402,-0.531,-0.414,-0.469,-0.469,-0.457,-0.364,-0.371,-0.264,0.017,-0.167,-0.298,-0.458,-0.362,-0.224,0.064,0,-0.039
2016.04.04,05:45,-0.011,-0.021,-0.041,-0.2,-0.277,-0.2,-0.206,-0.142,-0.165,-0.247,-0.432,-0.32,-0.363,-0.492,-0.375,-0.43,-0.43,-0.418,-0.325,-0.332,-0.225,0.056,-0.128,-0.259,-0.419,-0.323,-0.185,0.103,0.039,0,0.038
2016.04.04,06:00,-0.059,-0.079,-0.238,-0.315,-0.238,-0.244,-0.18,-0.203,-0.285,-0.47,-0.358,-0.401,-0.53,-0.413,-0.468,-0.468,-0.456,-0.363,-0.37,-0.263,0.018,-0.166,-0.297,-0.457,-0.361,-0.223,0.065,0.001,-0.038,0,0.021
2016.04.04,06:15,-0.1,-0.259,-0.336,-0.259,-0.265,-0.201,-0.224,-0.306,-0.491,-0.379,-0.422,-0.551,-0.434,-0.489,-0.489,-0.477,-0.384,-0.391,-0.284,-0.003,-0.187,-0.318,-0.478,-0.382,-0.244,0.044,-0.02,-0.059,-0.021,0,0.072
2016.04.04,06:30,-0.331,-0.408,-0.331,-0.337,-0.273,-0.296,-0.378,-0.563,-0.451,-0.494,-0.623,-0.506,-0.561,-0.561,-0.549,-0.456,-0.463,-0.356,-0.075,-0.259,-0.39,-0.55,-0.454,-0.316,-0.028,-0.092,-0.131,-0.093,-0.072,0,0.007
2016.04.04,06:45,-0.415,-0.338,-0.344,-0.28,-0.303,-0.385,-0.57,-0.458,-0.501,-0.63,-0.513,-0.568,-0.568,-0.556,-0.463,-0.47,-0.363,-0.082,-0.266,-0.397,-0.557,-0.461,-0.323,-0.035,-0.099,-0.138,-0.1,-0.079,-0.007,0,0.053
2016.04.04,07:00,-0.391,-0.397,-0.333,-0.356,-0.438,-0.623,-0.511,-0.554,-0.683,-0.566,-0.621,-0.621,-0.609,-0.516,-0.523,-0.416,-0.135,-0.319,-0.45,-0.61,-0.514,-0.376,-0.088,-0.152,-0.191,-0.153,-0.132,-0.06,-0.053,0,0.182
2016.04.04,07:15,-0.579,-0.515,-0.538,-0.62,-0.805,-0.693,-0.736,-0.865,-0.748,-0.803,-0.803,-0.791,-0.698,-0.705,-0.598,-0.317,-0.501,-0.632,-0.792,-0.696,-0.558,-0.27,-0.334,-0.373,-0.335,-0.314,-0.242,-0.235,-0.182,0,0.084
2016.04.04,07:30,-0.599,-0.622,-0.704,-0.889,-0.777,-0.82,-0.949,-0.832,-0.887,-0.887,-0.875,-0.782,-0.789,-0.682,-0.401,-0.585,-0.716,-0.876,-0.78,-0.642,-0.354,-0.418,-0.457,-0.419,-0.398,-0.326,-0.319,-0.266,-0.084,0,-0.011
2016.04.04,07:45,-0.611,-0.693,-0.878,-0.766,-0.809,-0.938,-0.821,-0.876,-0.876,-0.864,-0.771,-0.778,-0.671,-0.39,-0.574,-0.705,-0.865,-0.769,-0.631,-0.343,-0.407,-0.446,-0.408,-0.387,-0.315,-0.308,-0.255,-0.073,0.011,0,0.169
2016.04.04,08:00,-0.862,-1.047,-0.935,-0.978,-1.107,-0.99,-1.045,-1.045,-1.033,-0.94,-0.947,-0.84,-0.559,-0.743,-0.874,-1.034,-0.938,-0.8,-0.512,-0.576,-0.615,-0.577,-0.556,-0.484,-0.477,-0.424,-0.242,-0.158,-0.169,0,0.144
2016.04.04,08:15,-1.191,-1.079,-1.122,-1.251,-1.134,-1.189,-1.189,-1.177,-1.084,-1.091,-0.984,-0.703,-0.887,-1.018,-1.178,-1.082,-0.944,-0.656,-0.72,-0.759,-0.721,-0.7,-0.628,-0.621,-0.568,-0.386,-0.302,-0.313,-0.144,0,-0.093
2016.04.04,08:30,-0.986,-1.029,-1.158,-1.041,-1.096,-1.096,-1.084,-0.991,-0.998,-0.891,-0.61,-0.794,-0.925,-1.085,-0.989,-0.851,-0.563,-0.627,-0.666,-0.628,-0.607,-0.535,-0.528,-0.475,-0.293,-0.209,-0.22,-0.051,0.093,0,-0.085
2016.04.04,08:45,-0.944,-1.073,-0.956,-1.011,-1.011,-0.999,-0.906,-0.913,-0.806,-0.525,-0.709,-0.84,-1,-0.904,-0.766,-0.478,-0.542,-0.581,-0.543,-0.522,-0.45,-0.443,-0.39,-0.208,-0.124,-0.135,0.034,0.178,0.085,0,-0.061
2016.04.04,09:00,-1.012,-0.895,-0.95,-0.95,-0.938,-0.845,-0.852,-0.745,-0.464,-0.648,-0.779,-0.939,-0.843,-0.705,-0.417,-0.481,-0.52,-0.482,-0.461,-0.389,-0.382,-0.329,-0.147,-0.063,-0.074,0.095,0.239,0.146,0.061,0,-0.16
2016.04.04,09:15,-0.735,-0.79,-0.79,-0.778,-0.685,-0.692,-0.585,-0.304,-0.488,-0.619,-0.779,-0.683,-0.545,-0.257,-0.321,-0.36,-0.322,-0.301,-0.229,-0.222,-0.169,0.013,0.097,0.086,0.255,0.399,0.306,0.221,0.16,0,0.034
2016.04.04,09:30,-0.824,-0.824,-0.812,-0.719,-0.726,-0.619,-0.338,-0.522,-0.653,-0.813,-0.717,-0.579,-0.291,-0.355,-0.394,-0.356,-0.335,-0.263,-0.256,-0.203,-0.021,0.063,0.052,0.221,0.365,0.272,0.187,0.126,-0.034,0,-0.048
2016.04.04,09:45,-0.776,-0.764,-0.671,-0.678,-0.571,-0.29,-0.474,-0.605,-0.765,-0.669,-0.531,-0.243,-0.307,-0.346,-0.308,-0.287,-0.215,-0.208,-0.155,0.027,0.111,0.1,0.269,0.413,0.32,0.235,0.174,0.014,0.048,0,-0.031
2016.04.04,10:00,-0.733,-0.64,-0.647,-0.54,-0.259,-0.443,-0.574,-0.734,-0.638,-0.5,-0.212,-0.276,-0.315,-0.277,-0.256,-0.184,-0.177,-0.124,0.058,0.142,0.131,0.3,0.444,0.351,0.266,0.205,0.045,0.079,0.031,0,0.013
2016.04.04,10:15,-0.653,-0.66,-0.553,-0.272,-0.456,-0.587,-0.747,-0.651,-0.513,-0.225,-0.289,-0.328,-0.29,-0.269,-0.197,-0.19,-0.137,0.045,0.129,0.118,0.287,0.431,0.338,0.253,0.192,0.032,0.066,0.018,-0.013,0,-0.138
2016.04.04,10:30,-0.522,-0.415,-0.134,-0.318,-0.449,-0.609,-0.513,-0.375,-0.087,-0.151,-0.19,-0.152,-0.131,-0.059,-0.052,0.001,0.183,0.267,0.256,0.425,0.569,0.476,0.391,0.33,0.17,0.204,0.156,0.125,0.138,0,-0.142
2016.04.04,10:45,-0.273,0.008,-0.176,-0.307,-0.467,-0.371,-0.233,0.055,-0.009,-0.048,-0.01,0.011,0.083,0.09,0.143,0.325,0.409,0.398,0.567,0.711,0.618,0.533,0.472,0.312,0.346,0.298,0.267,0.28,0.142,0,-0.106
2016.04.04,11:00,0.114,-0.07,-0.201,-0.361,-0.265,-0.127,0.161,0.097,0.058,0.096,0.117,0.189,0.196,0.249,0.431,0.515,0.504,0.673,0.817,0.724,0.639,0.578,0.418,0.452,0.404,0.373,0.386,0.248,0.106,0,-0.117
2016.04.04,11:15,0.047,-0.084,-0.244,-0.148,-0.01,0.278,0.214,0.175,0.213,0.234,0.306,0.313,0.366,0.548,0.632,0.621,0.79,0.934,0.841,0.756,0.695,0.535,0.569,0.521,0.49,0.503,0.365,0.223,0.117,0,0.135
2016.04.04,11:30,-0.219,-0.379,-0.283,-0.145,0.143,0.079,0.04,0.078,0.099,0.171,0.178,0.231,0.413,0.497,0.486,0.655,0.799,0.706,0.621,0.56,0.4,0.434,0.386,0.355,0.368,0.23,0.088,-0.018,-0.135,0,0.093
2016.04.04,11:45,-0.472,-0.376,-0.238,0.05,-0.014,-0.053,-0.015,0.006,0.078,0.085,0.138,0.32,0.404,0.393,0.562,0.706,0.613,0.528,0.467,0.307,0.341,0.293,0.262,0.275,0.137,-0.005,-0.111,-0.228,-0.093,0,0.004
2016.04.04,12:00,-0.38,-0.242,0.046,-0.018,-0.057,-0.019,0.002,0.074,0.081,0.134,0.316,0.4,0.389,0.558,0.702,0.609,0.524,0.463,0.303,0.337,0.289,0.258,0.271,0.133,-0.009,-0.115,-0.232,-0.097,-0.004,0,-0.166
2016.04.04,12:15,-0.076,0.212,0.148,0.109,0.147,0.168,0.24,0.247,0.3,0.482,0.566,0.555,0.724,0.868,0.775,0.69,0.629,0.469,0.503,0.455,0.424,0.437,0.299,0.157,0.051,-0.066,0.069,0.162,0.166,0,0.001
2016.04.04,12:30,0.211,0.147,0.108,0.146,0.167,0.239,0.246,0.299,0.481,0.565,0.554,0.723,0.867,0.774,0.689,0.628,0.468,0.502,0.454,0.423,0.436,0.298,0.156,0.05,-0.067,0.068,0.161,0.165,-0.001,0,0.049
2016.04.04,12:45,0.098,0.059,0.097,0.118,0.19,0.197,0.25,0.432,0.516,0.505,0.674,0.818,0.725,0.64,0.579,0.419,0.453,0.405,0.374,0.387,0.249,0.107,0.001,-0.116,0.019,0.112,0.116,-0.05,-0.049,0,-0.057
2016.04.04,13:00,0.116,0.154,0.175,0.247,0.254,0.307,0.489,0.573,0.562,0.731,0.875,0.782,0.697,0.636,0.476,0.51,0.462,0.431,0.444,0.306,0.164,0.058,-0.059,0.076,0.169,0.173,0.007,0.008,0.057,0,0.095
2016.04.04,13:15,0.059,0.08,0.152,0.159,0.212,0.394,0.478,0.467,0.636,0.78,0.687,0.602,0.541,0.381,0.415,0.367,0.336,0.349,0.211,0.069,-0.037,-0.154,-0.019,0.074,0.078,-0.088,-0.087,-0.038,-0.095,0,0.073
2016.04.04,13:30,0.007,0.079,0.086,0.139,0.321,0.405,0.394,0.563,0.707,0.614,0.529,0.468,0.308,0.342,0.294,0.263,0.276,0.138,-0.004,-0.11,-0.227,-0.092,0.001,0.005,-0.161,-0.16,-0.111,-0.168,-0.073,0,-0.026
2016.04.04,13:45,0.105,0.112,0.165,0.347,0.431,0.42,0.589,0.733,0.64,0.555,0.494,0.334,0.368,0.32,0.289,0.302,0.164,0.022,-0.084,-0.201,-0.066,0.027,0.031,-0.135,-0.134,-0.085,-0.142,-0.047,0.026,0,-0.025
2016.04.04,14:00,0.137,0.19,0.372,0.456,0.445,0.614,0.758,0.665,0.58,0.519,0.359,0.393,0.345,0.314,0.327,0.189,0.047,-0.059,-0.176,-0.041,0.052,0.056,-0.11,-0.109,-0.06,-0.117,-0.022,0.051,0.025,0,0.045
2016.04.04,14:15,0.145,0.327,0.411,0.4,0.569,0.713,0.62,0.535,0.474,0.314,0.348,0.3,0.269,0.282,0.144,0.002,-0.104,-0.221,-0.086,0.007,0.011,-0.155,-0.154,-0.105,-0.162,-0.067,0.006,-0.02,-0.045,0,0.049
2016.04.04,14:30,0.278,0.362,0.351,0.52,0.664,0.571,0.486,0.425,0.265,0.299,0.251,0.22,0.233,0.095,-0.047,-0.153,-0.27,-0.135,-0.042,-0.038,-0.204,-0.203,-0.154,-0.211,-0.116,-0.043,-0.069,-0.094,-0.049,0,0.101
2016.04.04,14:45,0.261,0.25,0.419,0.563,0.47,0.385,0.324,0.164,0.198,0.15,0.119,0.132,-0.006,-0.148,-0.254,-0.371,-0.236,-0.143,-0.139,-0.305,-0.304,-0.255,-0.312,-0.217,-0.144,-0.17,-0.195,-0.15,-0.101,0,-0.087
2016.04.04,15:00,0.337,0.506,0.65,0.557,0.472,0.411,0.251,0.285,0.237,0.206,0.219,0.081,-0.061,-0.167,-0.284,-0.149,-0.056,-0.052,-0.218,-0.217,-0.168,-0.225,-0.13,-0.057,-0.083,-0.108,-0.063,-0.014,0.087,0,-0.032
2016.04.04,15:15,0.538,0.682,0.589,0.504,0.443,0.283,0.317,0.269,0.238,0.251,0.113,-0.029,-0.135,-0.252,-0.117,-0.024,-0.02,-0.186,-0.185,-0.136,-0.193,-0.098,-0.025,-0.051,-0.076,-0.031,0.018,0.119,0.032,0,-0.087
2016.04.04,15:30,0.769,0.676,0.591,0.53,0.37,0.404,0.356,0.325,0.338,0.2,0.058,-0.048,-0.165,-0.03,0.063,0.067,-0.099,-0.098,-0.049,-0.106,-0.011,0.062,0.036,0.011,0.056,0.105,0.206,0.119,0.087,0,0.012
2016.04.04,15:45,0.664,0.579,0.518,0.358,0.392,0.344,0.313,0.326,0.188,0.046,-0.06,-0.177,-0.042,0.051,0.055,-0.111,-0.11,-0.061,-0.118,-0.023,0.05,0.024,-0.001,0.044,0.093,0.194,0.107,0.075,-0.012,0,-0.005
2016.04.04,16:00,0.584,0.523,0.363,0.397,0.349,0.318,0.331,0.193,0.051,-0.055,-0.172,-0.037,0.056,0.06,-0.106,-0.105,-0.056,-0.113,-0.018,0.055,0.029,0.004,0.049,0.098,0.199,0.112,0.08,-0.007,0.005,0,-0.035
2016.04.04,16:15,0.558,0.398,0.432,0.384,0.353,0.366,0.228,0.086,-0.02,-0.137,-0.002,0.091,0.095,-0.071,-0.07,-0.021,-0.078,0.017,0.09,0.064,0.039,0.084,0.133,0.234,0.147,0.115,0.028,0.04,0.035,0,0.048
2016.04.04,16:30,0.35,0.384,0.336,0.305,0.318,0.18,0.038,-0.068,-0.185,-0.05,0.043,0.047,-0.119,-0.118,-0.069,-0.126,-0.031,0.042,0.016,-0.009,0.036,0.085,0.186,0.099,0.067,-0.02,-0.008,-0.013,-0.048,0,-0.073
2016.04.04,16:45,0.457,0.409,0.378,0.391,0.253,0.111,0.005,-0.112,0.023,0.116,0.12,-0.046,-0.045,0.004,-0.053,0.042,0.115,0.089,0.064,0.109,0.158,0.259,0.172,0.14,0.053,0.065,0.06,0.025,0.073,0,0.026
2016.04.04,17:00,0.383,0.352,0.365,0.227,0.085,-0.021,-0.138,-0.003,0.09,0.094,-0.072,-0.071,-0.022,-0.079,0.016,0.089,0.063,0.038,0.083,0.132,0.233,0.146,0.114,0.027,0.039,0.034,-0.001,0.047,-0.026,0,0.057
2016.04.04,17:15,0.295,0.308,0.17,0.028,-0.078,-0.195,-0.06,0.033,0.037,-0.129,-0.128,-0.079,-0.136,-0.041,0.032,0.006,-0.019,0.026,0.075,0.176,0.089,0.057,-0.03,-0.018,-0.023,-0.058,-0.01,-0.083,-0.057,0,-0.006
2016.04.04,17:30,0.314,0.176,0.034,-0.072,-0.189,-0.054,0.039,0.043,-0.123,-0.122,-0.073,-0.13,-0.035,0.038,0.012,-0.013,0.032,0.081,0.182,0.095,0.063,-0.024,-0.012,-0.017,-0.052,-0.004,-0.077,-0.051,0.006,0,0.021
2016.04.04,17:45,0.155,0.013,-0.093,-0.21,-0.075,0.018,0.022,-0.144,-0.143,-0.094,-0.151,-0.056,0.017,-0.009,-0.034,0.011,0.06,0.161,0.074,0.042,-0.045,-0.033,-0.038,-0.073,-0.025,-0.098,-0.072,-0.015,-0.021,0,-0.058
2016.04.04,18:00,0.071,-0.035,-0.152,-0.017,0.076,0.08,-0.086,-0.085,-0.036,-0.093,0.002,0.075,0.049,0.024,0.069,0.118,0.219,0.132,0.1,0.013,0.025,0.02,-0.015,0.033,-0.04,-0.014,0.043,0.037,0.058,0,-0.013
2016.04.04,18:15,-0.022,-0.139,-0.004,0.089,0.093,-0.073,-0.072,-0.023,-0.08,0.015,0.088,0.062,0.037,0.082,0.131,0.232,0.145,0.113,0.026,0.038,0.033,-0.002,0.046,-0.027,-0.001,0.056,0.05,0.071,0.013,0,-0.022
2016.04.04,18:30,-0.117,0.018,0.111,0.115,-0.051,-0.05,-0.001,-0.058,0.037,0.11,0.084,0.059,0.104,0.153,0.254,0.167,0.135,0.048,0.06,0.055,0.02,0.068,-0.005,0.021,0.078,0.072,0.093,0.035,0.022,0,-0.061
2016.04.04,18:45,0.079,0.172,0.176,0.01,0.011,0.06,0.003,0.098,0.171,0.145,0.12,0.165,0.214,0.315,0.228,0.196,0.109,0.121,0.116,0.081,0.129,0.056,0.082,0.139,0.133,0.154,0.096,0.083,0.061,0,0.034
2016.04.04,19:00,0.138,0.142,-0.024,-0.023,0.026,-0.031,0.064,0.137,0.111,0.086,0.131,0.18,0.281,0.194,0.162,0.075,0.087,0.082,0.047,0.095,0.022,0.048,0.105,0.099,0.12,0.062,0.049,0.027,-0.034,0,-0.117
2016.04.04,19:15,0.259,0.093,0.094,0.143,0.086,0.181,0.254,0.228,0.203,0.248,0.297,0.398,0.311,0.279,0.192,0.204,0.199,0.164,0.212,0.139,0.165,0.222,0.216,0.237,0.179,0.166,0.144,0.083,0.117,0,0.05
2016.04.04,19:30,0.043,0.044,0.093,0.036,0.131,0.204,0.178,0.153,0.198,0.247,0.348,0.261,0.229,0.142,0.154,0.149,0.114,0.162,0.089,0.115,0.172,0.166,0.187,0.129,0.116,0.094,0.033,0.067,-0.05,0,-0.183
2016.04.04,19:45,0.227,0.276,0.219,0.314,0.387,0.361,0.336,0.381,0.43,0.531,0.444,0.412,0.325,0.337,0.332,0.297,0.345,0.272,0.298,0.355,0.349,0.37,0.312,0.299,0.277,0.216,0.25,0.133,0.183,0,-0.052
2016.04.04,20:00,0.328,0.271,0.366,0.439,0.413,0.388,0.433,0.482,0.583,0.496,0.464,0.377,0.389,0.384,0.349,0.397,0.324,0.35,0.407,0.401,0.422,0.364,0.351,0.329,0.268,0.302,0.185,0.235,0.052,0,0.012
2016.04.04,20:15,0.259,0.354,0.427,0.401,0.376,0.421,0.47,0.571,0.484,0.452,0.365,0.377,0.372,0.337,0.385,0.312,0.338,0.395,0.389,0.41,0.352,0.339,0.317,0.256,0.29,0.173,0.223,0.04,-0.012,0,-0.008
2016.04.04,20:30,0.362,0.435,0.409,0.384,0.429,0.478,0.579,0.492,0.46,0.373,0.385,0.38,0.345,0.393,0.32,0.346,0.403,0.397,0.418,0.36,0.347,0.325,0.264,0.298,0.181,0.231,0.048,-0.004,0.008,0,-0.075
2016.04.04,20:45,0.51,0.484,0.459,0.504,0.553,0.654,0.567,0.535,0.448,0.46,0.455,0.42,0.468,0.395,0.421,0.478,0.472,0.493,0.435,0.422,0.4,0.339,0.373,0.256,0.306,0.123,0.071,0.083,0.075,0,0.023
2016.04.04,21:00,0.461,0.436,0.481,0.53,0.631,0.544,0.512,0.425,0.437,0.432,0.397,0.445,0.372,0.398,0.455,0.449,0.47,0.412,0.399,0.377,0.316,0.35,0.233,0.283,0.1,0.048,0.06,0.052,-0.023,0,0.011
2016.04.04,21:15,0.425,0.47,0.519,0.62,0.533,0.501,0.414,0.426,0.421,0.386,0.434,0.361,0.387,0.444,0.438,0.459,0.401,0.388,0.366,0.305,0.339,0.222,0.272,0.089,0.037,0.049,0.041,-0.034,-0.011,0,-0.149
2016.04.04,21:30,0.619,0.668,0.769,0.682,0.65,0.563,0.575,0.57,0.535,0.583,0.51,0.536,0.593,0.587,0.608,0.55,0.537,0.515,0.454,0.488,0.371,0.421,0.238,0.186,0.198,0.19,0.115,0.138,0.149,0,-0.111
2016.04.04,21:45,0.779,0.88,0.793,0.761,0.674,0.686,0.681,0.646,0.694,0.621,0.647,0.704,0.698,0.719,0.661,0.648,0.626,0.565,0.599,0.482,0.532,0.349,0.297,0.309,0.301,0.226,0.249,0.26,0.111,0,-0.032
2016.04.04,22:00,0.912,0.825,0.793,0.706,0.718,0.713,0.678,0.726,0.653,0.679,0.736,0.73,0.751,0.693,0.68,0.658,0.597,0.631,0.514,0.564,0.381,0.329,0.341,0.333,0.258,0.281,0.292,0.143,0.032,0,0.037
2016.04.04,22:15,0.788,0.756,0.669,0.681,0.676,0.641,0.689,0.616,0.642,0.699,0.693,0.714,0.656,0.643,0.621,0.56,0.594,0.477,0.527,0.344,0.292,0.304,0.296,0.221,0.244,0.255,0.106,-0.005,-0.037,0,-0.049
2016.04.04,22:30,0.805,0.718,0.73,0.725,0.69,0.738,0.665,0.691,0.748,0.742,0.763,0.705,0.692,0.67,0.609,0.643,0.526,0.576,0.393,0.341,0.353,0.345,0.27,0.293,0.304,0.155,0.044,0.012,0.049,0,0.04
2016.04.04,22:45,0.678,0.69,0.685,0.65,0.698,0.625,0.651,0.708,0.702,0.723,0.665,0.652,0.63,0.569,0.603,0.486,0.536,0.353,0.301,0.313,0.305,0.23,0.253,0.264,0.115,0.004,-0.028,0.009,-0.04,0,0.066
2016.04.04,23:00,0.624,0.619,0.584,0.632,0.559,0.585,0.642,0.636,0.657,0.599,0.586,0.564,0.503,0.537,0.42,0.47,0.287,0.235,0.247,0.239,0.164,0.187,0.198,0.049,-0.062,-0.094,-0.057,-0.106,-0.066,0,0.08
2016.04.04,23:15,0.539,0.504,0.552,0.479,0.505,0.562,0.556,0.577,0.519,0.506,0.484,0.423,0.457,0.34,0.39,0.207,0.155,0.167,0.159,0.084,0.107,0.118,-0.031,-0.142,-0.174,-0.137,-0.186,-0.146,-0.08,0,-0.095
2016.04.04,23:30,0.599,0.647,0.574,0.6,0.657,0.651,0.672,0.614,0.601,0.579,0.518,0.552,0.435,0.485,0.302,0.25,0.262,0.254,0.179,0.202,0.213,0.064,-0.047,-0.079,-0.042,-0.091,-0.051,0.015,0.095,0,0.043
2016.04.04,23:45,0.604,0.531,0.557,0.614,0.608,0.629,0.571,0.558,0.536,0.475,0.509,0.392,0.442,0.259,0.207,0.219,0.211,0.136,0.159,0.17,0.021,-0.09,-0.122,-0.085,-0.134,-0.094,-0.028,0.052,-0.043,0,-0.018
2016.04.05,00:00,0.549,0.575,0.632,0.626,0.647,0.589,0.576,0.554,0.493,0.527,0.41,0.46,0.277,0.225,0.237,0.229,0.154,0.177,0.188,0.039,-0.072,-0.104,-0.067,-0.116,-0.076,-0.01,0.07,-0.025,0.018,0,-0.15
2016.04.05,00:15,0.725,0.782,0.776,0.797,0.739,0.726,0.704,0.643,0.677,0.56,0.61,0.427,0.375,0.387,0.379,0.304,0.327,0.338,0.189,0.078,0.046,0.083,0.034,0.074,0.14,0.22,0.125,0.168,0.15,0,0.022
2016.04.05,00:30,0.76,0.754,0.775,0.717,0.704,0.682,0.621,0.655,0.538,0.588,0.405,0.353,0.365,0.357,0.282,0.305,0.316,0.167,0.056,0.024,0.061,0.012,0.052,0.118,0.198,0.103,0.146,0.128,-0.022,0,-0.125
2016.04.05,00:45,0.879,0.9,0.842,0.829,0.807,0.746,0.78,0.663,0.713,0.53,0.478,0.49,0.482,0.407,0.43,0.441,0.292,0.181,0.149,0.186,0.137,0.177,0.243,0.323,0.228,0.271,0.253,0.103,0.125,0,-0.106
2016.04.05,01:00,1.006,0.948,0.935,0.913,0.852,0.886,0.769,0.819,0.636,0.584,0.596,0.588,0.513,0.536,0.547,0.398,0.287,0.255,0.292,0.243,0.283,0.349,0.429,0.334,0.377,0.359,0.209,0.231,0.106,0,0.077
2016.04.05,01:15,0.871,0.858,0.836,0.775,0.809,0.692,0.742,0.559,0.507,0.519,0.511,0.436,0.459,0.47,0.321,0.21,0.178,0.215,0.166,0.206,0.272,0.352,0.257,0.3,0.282,0.132,0.154,0.029,-0.077,0,-0.084
2016.04.05,01:30,0.942,0.92,0.859,0.893,0.776,0.826,0.643,0.591,0.603,0.595,0.52,0.543,0.554,0.405,0.294,0.262,0.299,0.25,0.29,0.356,0.436,0.341,0.384,0.366,0.216,0.238,0.113,0.007,0.084,0,0.043
2016.04.05,01:45,0.877,0.816,0.85,0.733,0.783,0.6,0.548,0.56,0.552,0.477,0.5,0.511,0.362,0.251,0.219,0.256,0.207,0.247,0.313,0.393,0.298,0.341,0.323,0.173,0.195,0.07,-0.036,0.041,-0.043,0,-0.312
2016.04.05,02:00,1.128,1.162,1.045,1.095,0.912,0.86,0.872,0.864,0.789,0.812,0.823,0.674,0.563,0.531,0.568,0.519,0.559,0.625,0.705,0.61,0.653,0.635,0.485,0.507,0.382,0.276,0.353,0.269,0.312,0,-0.329
2016.04.05,02:15,1.491,1.374,1.424,1.241,1.189,1.201,1.193,1.118,1.141,1.152,1.003,0.892,0.86,0.897,0.848,0.888,0.954,1.034,0.939,0.982,0.964,0.814,0.836,0.711,0.605,0.682,0.598,0.641,0.329,0,0.019
2016.04.05,02:30,1.355,1.405,1.222,1.17,1.182,1.174,1.099,1.122,1.133,0.984,0.873,0.841,0.878,0.829,0.869,0.935,1.015,0.92,0.963,0.945,0.795,0.817,0.692,0.586,0.663,0.579,0.622,0.31,-0.019,0,-0.125
2016.04.05,02:45,1.53,1.347,1.295,1.307,1.299,1.224,1.247,1.258,1.109,0.998,0.966,1.003,0.954,0.994,1.06,1.14,1.045,1.088,1.07,0.92,0.942,0.817,0.711,0.788,0.704,0.747,0.435,0.106,0.125,0,0.219
2016.04.05,03:00,1.128,1.076,1.088,1.08,1.005,1.028,1.039,0.89,0.779,0.747,0.784,0.735,0.775,0.841,0.921,0.826,0.869,0.851,0.701,0.723,0.598,0.492,0.569,0.485,0.528,0.216,-0.113,-0.094,-0.219,0,-0.154
2016.04.05,03:15,1.23,1.242,1.234,1.159,1.182,1.193,1.044,0.933,0.901,0.938,0.889,0.929,0.995,1.075,0.98,1.023,1.005,0.855,0.877,0.752,0.646,0.723,0.639,0.682,0.37,0.041,0.06,-0.065,0.154,0,-0.095
2016.04.05,03:30,1.337,1.329,1.254,1.277,1.288,1.139,1.028,0.996,1.033,0.984,1.024,1.09,1.17,1.075,1.118,1.1,0.95,0.972,0.847,0.741,0.818,0.734,0.777,0.465,0.136,0.155,0.03,0.249,0.095,0,0.053
2016.04.05,03:45,1.276,1.201,1.224,1.235,1.086,0.975,0.943,0.98,0.931,0.971,1.037,1.117,1.022,1.065,1.047,0.897,0.919,0.794,0.688,0.765,0.681,0.724,0.412,0.083,0.102,-0.023,0.196,0.042,-0.053,0,-0.146
2016.04.05,04:00,1.347,1.37,1.381,1.232,1.121,1.089,1.126,1.077,1.117,1.183,1.263,1.168,1.211,1.193,1.043,1.065,0.94,0.834,0.911,0.827,0.87,0.558,0.229,0.248,0.123,0.342,0.188,0.093,0.146,0,0.237
2016.04.05,04:15,1.133,1.144,0.995,0.884,0.852,0.889,0.84,0.88,0.946,1.026,0.931,0.974,0.956,0.806,0.828,0.703,0.597,0.674,0.59,0.633,0.321,-0.008,0.011,-0.114,0.105,-0.049,-0.144,-0.091,-0.237,0,0.033
2016.04.05,04:30,1.111,0.962,0.851,0.819,0.856,0.807,0.847,0.913,0.993,0.898,0.941,0.923,0.773,0.795,0.67,0.564,0.641,0.557,0.6,0.288,-0.041,-0.022,-0.147,0.072,-0.082,-0.177,-0.124,-0.27,-0.033,0,-0.048
2016.04.05,04:45,1.01,0.899,0.867,0.904,0.855,0.895,0.961,1.041,0.946,0.989,0.971,0.821,0.843,0.718,0.612,0.689,0.605,0.648,0.336,0.007,0.026,-0.099,0.12,-0.034,-0.129,-0.076,-0.222,0.015,0.048,0,-0.108
2016.04.05,05:00,1.007,0.975,1.012,0.963,1.003,1.069,1.149,1.054,1.097,1.079,0.929,0.951,0.826,0.72,0.797,0.713,0.756,0.444,0.115,0.134,0.009,0.228,0.074,-0.021,0.032,-0.114,0.123,0.156,0.108,0,-0.171
2016.04.05,05:15,1.146,1.183,1.134,1.174,1.24,1.32,1.225,1.268,1.25,1.1,1.122,0.997,0.891,0.968,0.884,0.927,0.615,0.286,0.305,0.18,0.399,0.245,0.15,0.203,0.057,0.294,0.327,0.279,0.171,0,-0.056
2016.04.05,05:30,1.239,1.19,1.23,1.296,1.376,1.281,1.324,1.306,1.156,1.178,1.053,0.947,1.024,0.94,0.983,0.671,0.342,0.361,0.236,0.455,0.301,0.206,0.259,0.113,0.35,0.383,0.335,0.227,0.056,0,0.041
2016.04.05,05:45,1.149,1.189,1.255,1.335,1.24,1.283,1.265,1.115,1.137,1.012,0.906,0.983,0.899,0.942,0.63,0.301,0.32,0.195,0.414,0.26,0.165,0.218,0.072,0.309,0.342,0.294,0.186,0.015,-0.041,0,-0.006
2016.04.05,06:00,1.195,1.261,1.341,1.246,1.289,1.271,1.121,1.143,1.018,0.912,0.989,0.905,0.948,0.636,0.307,0.326,0.201,0.42,0.266,0.171,0.224,0.078,0.315,0.348,0.3,0.192,0.021,-0.035,0.006,0,-0.028
2016.04.05,06:15,1.289,1.369,1.274,1.317,1.299,1.149,1.171,1.046,0.94,1.017,0.933,0.976,0.664,0.335,0.354,0.229,0.448,0.294,0.199,0.252,0.106,0.343,0.376,0.328,0.22,0.049,-0.007,0.034,0.028,0,-0.171
2016.04.05,06:30,1.54,1.445,1.488,1.47,1.32,1.342,1.217,1.111,1.188,1.104,1.147,0.835,0.506,0.525,0.4,0.619,0.465,0.37,0.423,0.277,0.514,0.547,0.499,0.391,0.22,0.164,0.205,0.199,0.171,0,0.231
2016.04.05,06:45,1.214,1.257,1.239,1.089,1.111,0.986,0.88,0.957,0.873,0.916,0.604,0.275,0.294,0.169,0.388,0.234,0.139,0.192,0.046,0.283,0.316,0.268,0.16,-0.011,-0.067,-0.026,-0.032,-0.06,-0.231,0,0.063
2016.04.05,07:00,1.194,1.176,1.026,1.048,0.923,0.817,0.894,0.81,0.853,0.541,0.212,0.231,0.106,0.325,0.171,0.076,0.129,-0.017,0.22,0.253,0.205,0.097,-0.074,-0.13,-0.089,-0.095,-0.123,-0.294,-0.063,0,-0.108
2016.04.05,07:15,1.284,1.134,1.156,1.031,0.925,1.002,0.918,0.961,0.649,0.32,0.339,0.214,0.433,0.279,0.184,0.237,0.091,0.328,0.361,0.313,0.205,0.034,-0.022,0.019,0.013,-0.015,-0.186,0.045,0.108,0,0.122
2016.04.05,07:30,1.012,1.034,0.909,0.803,0.88,0.796,0.839,0.527,0.198,0.217,0.092,0.311,0.157,0.062,0.115,-0.031,0.206,0.239,0.191,0.083,-0.088,-0.144,-0.103,-0.109,-0.137,-0.308,-0.077,-0.014,-0.122,0,-0.087
2016.04.05,07:45,1.121,0.996,0.89,0.967,0.883,0.926,0.614,0.285,0.304,0.179,0.398,0.244,0.149,0.202,0.056,0.293,0.326,0.278,0.17,-0.001,-0.057,-0.016,-0.022,-0.05,-0.221,0.01,0.073,-0.035,0.087,0,-0.066
2016.04.05,08:00,1.062,0.956,1.033,0.949,0.992,0.68,0.351,0.37,0.245,0.464,0.31,0.215,0.268,0.122,0.359,0.392,0.344,0.236,0.065,0.009,0.05,0.044,0.016,-0.155,0.076,0.139,0.031,0.153,0.066,0,0.001
2016.04.05,08:15,0.955,1.032,0.948,0.991,0.679,0.35,0.369,0.244,0.463,0.309,0.214,0.267,0.121,0.358,0.391,0.343,0.235,0.064,0.008,0.049,0.043,0.015,-0.156,0.075,0.138,0.03,0.152,0.065,-0.001,0,0.043
2016.04.05,08:30,0.989,0.905,0.948,0.636,0.307,0.326,0.201,0.42,0.266,0.171,0.224,0.078,0.315,0.348,0.3,0.192,0.021,-0.035,0.006,0,-0.028,-0.199,0.032,0.095,-0.013,0.109,0.022,-0.044,-0.043,0,0.042
2016.04.05,08:45,0.863,0.906,0.594,0.265,0.284,0.159,0.378,0.224,0.129,0.182,0.036,0.273,0.306,0.258,0.15,-0.021,-0.077,-0.036,-0.042,-0.07,-0.241,-0.01,0.053,-0.055,0.067,-0.02,-0.086,-0.085,-0.042,0,-0.129
2016.04.05,09:00,1.035,0.723,0.394,0.413,0.288,0.507,0.353,0.258,0.311,0.165,0.402,0.435,0.387,0.279,0.108,0.052,0.093,0.087,0.059,-0.112,0.119,0.182,0.074,0.196,0.109,0.043,0.044,0.087,0.129,0,-0.201
2016.04.05,09:15,0.924,0.595,0.614,0.489,0.708,0.554,0.459,0.512,0.366,0.603,0.636,0.588,0.48,0.309,0.253,0.294,0.288,0.26,0.089,0.32,0.383,0.275,0.397,0.31,0.244,0.245,0.288,0.33,0.201,0,-0.144
2016.04.05,09:30,0.739,0.758,0.633,0.852,0.698,0.603,0.656,0.51,0.747,0.78,0.732,0.624,0.453,0.397,0.438,0.432,0.404,0.233,0.464,0.527,0.419,0.541,0.454,0.388,0.389,0.432,0.474,0.345,0.144,0,-0.151
2016.04.05,09:45,0.909,0.784,1.003,0.849,0.754,0.807,0.661,0.898,0.931,0.883,0.775,0.604,0.548,0.589,0.583,0.555,0.384,0.615,0.678,0.57,0.692,0.605,0.539,0.54,0.583,0.625,0.496,0.295,0.151,0,0.187
2016.04.05,10:00,0.597,0.816,0.662,0.567,0.62,0.474,0.711,0.744,0.696,0.588,0.417,0.361,0.402,0.396,0.368,0.197,0.428,0.491,0.383,0.505,0.418,0.352,0.353,0.396,0.438,0.309,0.108,-0.036,-0.187,0,-0.184
2016.04.05,10:15,1,0.846,0.751,0.804,0.658,0.895,0.928,0.88,0.772,0.601,0.545,0.586,0.58,0.552,0.381,0.612,0.675,0.567,0.689,0.602,0.536,0.537,0.58,0.622,0.493,0.292,0.148,-0.003,0.184,0,-0.201
2016.04.05,10:30,1.047,0.952,1.005,0.859,1.096,1.129,1.081,0.973,0.802,0.746,0.787,0.781,0.753,0.582,0.813,0.876,0.768,0.89,0.803,0.737,0.738,0.781,0.823,0.694,0.493,0.349,0.198,0.385,0.201,0,0.091
2016.04.05,10:45,0.861,0.914,0.768,1.005,1.038,0.99,0.882,0.711,0.655,0.696,0.69,0.662,0.491,0.722,0.785,0.677,0.799,0.712,0.646,0.647,0.69,0.732,0.603,0.402,0.258,0.107,0.294,0.11,-0.091,0,0.056
2016.04.05,11:00,0.858,0.712,0.949,0.982,0.934,0.826,0.655,0.599,0.64,0.634,0.606,0.435,0.666,0.729,0.621,0.743,0.656,0.59,0.591,0.634,0.676,0.547,0.346,0.202,0.051,0.238,0.054,-0.147,-0.056,0,-0.324
2016.04.05,11:15,1.036,1.273,1.306,1.258,1.15,0.979,0.923,0.964,0.958,0.93,0.759,0.99,1.053,0.945,1.067,0.98,0.914,0.915,0.958,1,0.871,0.67,0.526,0.375,0.562,0.378,0.177,0.268,0.324,0,-0.149
2016.04.05,11:30,1.422,1.455,1.407,1.299,1.128,1.072,1.113,1.107,1.079,0.908,1.139,1.202,1.094,1.216,1.129,1.063,1.064,1.107,1.149,1.02,0.819,0.675,0.524,0.711,0.527,0.326,0.417,0.473,0.149,0,0.373
2016.04.05,11:45,1.082,1.034,0.926,0.755,0.699,0.74,0.734,0.706,0.535,0.766,0.829,0.721,0.843,0.756,0.69,0.691,0.734,0.776,0.647,0.446,0.302,0.151,0.338,0.154,-0.047,0.044,0.1,-0.224,-0.373,0,-0.117
2016.04.05,12:00,1.151,1.043,0.872,0.816,0.857,0.851,0.823,0.652,0.883,0.946,0.838,0.96,0.873,0.807,0.808,0.851,0.893,0.764,0.563,0.419,0.268,0.455,0.271,0.07,0.161,0.217,-0.107,-0.256,0.117,0,0.095
2016.04.05,12:15,0.948,0.777,0.721,0.762,0.756,0.728,0.557,0.788,0.851,0.743,0.865,0.778,0.712,0.713,0.756,0.798,0.669,0.468,0.324,0.173,0.36,0.176,-0.025,0.066,0.122,-0.202,-0.351,0.022,-0.095,0,0.001
2016.04.05,12:30,0.776,0.72,0.761,0.755,0.727,0.556,0.787,0.85,0.742,0.864,0.777,0.711,0.712,0.755,0.797,0.668,0.467,0.323,0.172,0.359,0.175,-0.026,0.065,0.121,-0.203,-0.352,0.021,-0.096,-0.001,0,-0.023
2016.04.05,12:45,0.743,0.784,0.778,0.75,0.579,0.81,0.873,0.765,0.887,0.8,0.734,0.735,0.778,0.82,0.691,0.49,0.346,0.195,0.382,0.198,-0.003,0.088,0.144,-0.18,-0.329,0.044,-0.073,0.022,0.023,0,-0.042
2016.04.05,13:00,0.826,0.82,0.792,0.621,0.852,0.915,0.807,0.929,0.842,0.776,0.777,0.82,0.862,0.733,0.532,0.388,0.237,0.424,0.24,0.039,0.13,0.186,-0.138,-0.287,0.086,-0.031,0.064,0.065,0.042,0,-0.077
2016.04.05,13:15,0.897,0.869,0.698,0.929,0.992,0.884,1.006,0.919,0.853,0.854,0.897,0.939,0.81,0.609,0.465,0.314,0.501,0.317,0.116,0.207,0.263,-0.061,-0.21,0.163,0.046,0.141,0.142,0.119,0.077,0,-0.029
2016.04.05,13:30,0.898,0.727,0.958,1.021,0.913,1.035,0.948,0.882,0.883,0.926,0.968,0.839,0.638,0.494,0.343,0.53,0.346,0.145,0.236,0.292,-0.032,-0.181,0.192,0.075,0.17,0.171,0.148,0.106,0.029,0,0.084
2016.04.05,13:45,0.643,0.874,0.937,0.829,0.951,0.864,0.798,0.799,0.842,0.884,0.755,0.554,0.41,0.259,0.446,0.262,0.061,0.152,0.208,-0.116,-0.265,0.108,-0.009,0.086,0.087,0.064,0.022,-0.055,-0.084,0,0.065
2016.04.05,14:00,0.809,0.872,0.764,0.886,0.799,0.733,0.734,0.777,0.819,0.69,0.489,0.345,0.194,0.381,0.197,-0.004,0.087,0.143,-0.181,-0.33,0.043,-0.074,0.021,0.022,-0.001,-0.043,-0.12,-0.149,-0.065,0,0.14
2016.04.05,14:15,0.732,0.624,0.746,0.659,0.593,0.594,0.637,0.679,0.55,0.349,0.205,0.054,0.241,0.057,-0.144,-0.053,0.003,-0.321,-0.47,-0.097,-0.214,-0.119,-0.118,-0.141,-0.183,-0.26,-0.289,-0.205,-0.14,0,0.155
2016.04.05,14:30,0.469,0.591,0.504,0.438,0.439,0.482,0.524,0.395,0.194,0.05,-0.101,0.086,-0.098,-0.299,-0.208,-0.152,-0.476,-0.625,-0.252,-0.369,-0.274,-0.273,-0.296,-0.338,-0.415,-0.444,-0.36,-0.295,-0.155,0,-0.139
2016.04.05,14:45,0.73,0.643,0.577,0.578,0.621,0.663,0.534,0.333,0.189,0.038,0.225,0.041,-0.16,-0.069,-0.013,-0.337,-0.486,-0.113,-0.23,-0.135,-0.134,-0.157,-0.199,-0.276,-0.305,-0.221,-0.156,-0.016,0.139,0,-0.064
2016.04.05,15:00,0.707,0.641,0.642,0.685,0.727,0.598,0.397,0.253,0.102,0.289,0.105,-0.096,-0.005,0.051,-0.273,-0.422,-0.049,-0.166,-0.071,-0.07,-0.093,-0.135,-0.212,-0.241,-0.157,-0.092,0.048,0.203,0.064,0,0.011
2016.04.05,15:15,0.63,0.631,0.674,0.716,0.587,0.386,0.242,0.091,0.278,0.094,-0.107,-0.016,0.04,-0.284,-0.433,-0.06,-0.177,-0.082,-0.081,-0.104,-0.146,-0.223,-0.252,-0.168,-0.103,0.037,0.192,0.053,-0.011,0,-0.064
2016.04.05,15:30,0.695,0.738,0.78,0.651,0.45,0.306,0.155,0.342,0.158,-0.043,0.048,0.104,-0.22,-0.369,0.004,-0.113,-0.018,-0.017,-0.04,-0.082,-0.159,-0.188,-0.104,-0.039,0.101,0.256,0.117,0.053,0.064,0,-0.047
2016.04.05,15:45,0.785,0.827,0.698,0.497,0.353,0.202,0.389,0.205,0.004,0.095,0.151,-0.173,-0.322,0.051,-0.066,0.029,0.03,0.007,-0.035,-0.112,-0.141,-0.057,0.008,0.148,0.303,0.164,0.1,0.111,0.047,0,0.013
2016.04.05,16:00,0.814,0.685,0.484,0.34,0.189,0.376,0.192,-0.009,0.082,0.138,-0.186,-0.335,0.038,-0.079,0.016,0.017,-0.006,-0.048,-0.125,-0.154,-0.07,-0.005,0.135,0.29,0.151,0.087,0.098,0.034,-0.013,0,-0.016
2016.04.05,16:15,0.701,0.5,0.356,0.205,0.392,0.208,0.007,0.098,0.154,-0.17,-0.319,0.054,-0.063,0.032,0.033,0.01,-0.032,-0.109,-0.138,-0.054,0.011,0.151,0.306,0.167,0.103,0.114,0.05,0.003,0.016,0,0.094
2016.04.05,16:30,0.406,0.262,0.111,0.298,0.114,-0.087,0.004,0.06,-0.264,-0.413,-0.04,-0.157,-0.062,-0.061,-0.084,-0.126,-0.203,-0.232,-0.148,-0.083,0.057,0.212,0.073,0.009,0.02,-0.044,-0.091,-0.078,-0.094,0,0.012
2016.04.05,16:45,0.25,0.099,0.286,0.102,-0.099,-0.008,0.048,-0.276,-0.425,-0.052,-0.169,-0.074,-0.073,-0.096,-0.138,-0.215,-0.244,-0.16,-0.095,0.045,0.2,0.061,-0.003,0.008,-0.056,-0.103,-0.09,-0.106,-0.012,0,-0.012
2016.04.05,17:00,0.111,0.298,0.114,-0.087,0.004,0.06,-0.264,-0.413,-0.04,-0.157,-0.062,-0.061,-0.084,-0.126,-0.203,-0.232,-0.148,-0.083,0.057,0.212,0.073,0.009,0.02,-0.044,-0.091,-0.078,-0.094,0,0.012,0,0.022
2016.04.05,17:15,0.276,0.092,-0.109,-0.018,0.038,-0.286,-0.435,-0.062,-0.179,-0.084,-0.083,-0.106,-0.148,-0.225,-0.254,-0.17,-0.105,0.035,0.19,0.051,-0.013,-0.002,-0.066,-0.113,-0.1,-0.116,-0.022,-0.01,-0.022,0,-0.01
2016.04.05,17:30,0.102,-0.099,-0.008,0.048,-0.276,-0.425,-0.052,-0.169,-0.074,-0.073,-0.096,-0.138,-0.215,-0.244,-0.16,-0.095,0.045,0.2,0.061,-0.003,0.008,-0.056,-0.103,-0.09,-0.106,-0.012,0,-0.012,0.01,0,-0.052
2016.04.05,17:45,-0.047,0.044,0.1,-0.224,-0.373,0,-0.117,-0.022,-0.021,-0.044,-0.086,-0.163,-0.192,-0.108,-0.043,0.097,0.252,0.113,0.049,0.06,-0.004,-0.051,-0.038,-0.054,0.04,0.052,0.04,0.062,0.052,0,0.026
2016.04.05,18:00,0.018,0.074,-0.25,-0.399,-0.026,-0.143,-0.048,-0.047,-0.07,-0.112,-0.189,-0.218,-0.134,-0.069,0.071,0.226,0.087,0.023,0.034,-0.03,-0.077,-0.064,-0.08,0.014,0.026,0.014,0.036,0.026,-0.026,0,0.008
2016.04.05,18:15,0.066,-0.258,-0.407,-0.034,-0.151,-0.056,-0.055,-0.078,-0.12,-0.197,-0.226,-0.142,-0.077,0.063,0.218,0.079,0.015,0.026,-0.038,-0.085,-0.072,-0.088,0.006,0.018,0.006,0.028,0.018,-0.034,-0.008,0,-0.081
2016.04.05,18:30,-0.177,-0.326,0.047,-0.07,0.025,0.026,0.003,-0.039,-0.116,-0.145,-0.061,0.004,0.144,0.299,0.16,0.096,0.107,0.043,-0.004,0.009,-0.007,0.087,0.099,0.087,0.109,0.099,0.047,0.073,0.081,0,0.071
2016.04.05,18:45,-0.397,-0.024,-0.141,-0.046,-0.045,-0.068,-0.11,-0.187,-0.216,-0.132,-0.067,0.073,0.228,0.089,0.025,0.036,-0.028,-0.075,-0.062,-0.078,0.016,0.028,0.016,0.038,0.028,-0.024,0.002,0.01,-0.071,0,-0.01
2016.04.05,19:00,-0.014,-0.131,-0.036,-0.035,-0.058,-0.1,-0.177,-0.206,-0.122,-0.057,0.083,0.238,0.099,0.035,0.046,-0.018,-0.065,-0.052,-0.068,0.026,0.038,0.026,0.048,0.038,-0.014,0.012,0.02,-0.061,0.01,0,-0.037
2016.04.05,19:15,-0.094,0.001,0.002,-0.021,-0.063,-0.14,-0.169,-0.085,-0.02,0.12,0.275,0.136,0.072,0.083,0.019,-0.028,-0.015,-0.031,0.063,0.075,0.063,0.085,0.075,0.023,0.049,0.057,-0.024,0.047,0.037,0,0.099
2016.04.05,19:30,-0.098,-0.097,-0.12,-0.162,-0.239,-0.268,-0.184,-0.119,0.021,0.176,0.037,-0.027,-0.016,-0.08,-0.127,-0.114,-0.13,-0.036,-0.024,-0.036,-0.014,-0.024,-0.076,-0.05,-0.042,-0.123,-0.052,-0.062,-0.099,0,0.115
2016.04.05,19:45,-0.212,-0.235,-0.277,-0.354,-0.383,-0.299,-0.234,-0.094,0.061,-0.078,-0.142,-0.131,-0.195,-0.242,-0.229,-0.245,-0.151,-0.139,-0.151,-0.129,-0.139,-0.191,-0.165,-0.157,-0.238,-0.167,-0.177,-0.214,-0.115,0,0.098
2016.04.05,20:00,-0.333,-0.375,-0.452,-0.481,-0.397,-0.332,-0.192,-0.037,-0.176,-0.24,-0.229,-0.293,-0.34,-0.327,-0.343,-0.249,-0.237,-0.249,-0.227,-0.237,-0.289,-0.263,-0.255,-0.336,-0.265,-0.275,-0.312,-0.213,-0.098,0,-0.016
2016.04.05,20:15,-0.359,-0.436,-0.465,-0.381,-0.316,-0.176,-0.021,-0.16,-0.224,-0.213,-0.277,-0.324,-0.311,-0.327,-0.233,-0.221,-0.233,-0.211,-0.221,-0.273,-0.247,-0.239,-0.32,-0.249,-0.259,-0.296,-0.197,-0.082,0.016,0,-0.305
2016.04.05,20:30,-0.131,-0.16,-0.076,-0.011,0.129,0.284,0.145,0.081,0.092,0.028,-0.019,-0.006,-0.022,0.072,0.084,0.072,0.094,0.084,0.032,0.058,0.066,-0.015,0.056,0.046,0.009,0.108,0.223,0.321,0.305,0,-0.115
2016.04.05,20:45,-0.045,0.039,0.104,0.244,0.399,0.26,0.196,0.207,0.143,0.096,0.109,0.093,0.187,0.199,0.187,0.209,0.199,0.147,0.173,0.181,0.1,0.171,0.161,0.124,0.223,0.338,0.436,0.42,0.115,0,0.027
2016.04.05,21:00,0.012,0.077,0.217,0.372,0.233,0.169,0.18,0.116,0.069,0.082,0.066,0.16,0.172,0.16,0.182,0.172,0.12,0.146,0.154,0.073,0.144,0.134,0.097,0.196,0.311,0.409,0.393,0.088,-0.027,0,0.132
2016.04.05,21:15,-0.055,0.085,0.24,0.101,0.037,0.048,-0.016,-0.063,-0.05,-0.066,0.028,0.04,0.028,0.05,0.04,-0.012,0.014,0.022,-0.059,0.012,0.002,-0.035,0.064,0.179,0.277,0.261,-0.044,-0.159,-0.132,0,0.22
2016.04.05,21:30,-0.135,0.02,-0.119,-0.183,-0.172,-0.236,-0.283,-0.27,-0.286,-0.192,-0.18,-0.192,-0.17,-0.18,-0.232,-0.206,-0.198,-0.279,-0.208,-0.218,-0.255,-0.156,-0.041,0.057,0.041,-0.264,-0.379,-0.352,-0.22,0,-0.045
2016.04.05,21:45,0.065,-0.074,-0.138,-0.127,-0.191,-0.238,-0.225,-0.241,-0.147,-0.135,-0.147,-0.125,-0.135,-0.187,-0.161,-0.153,-0.234,-0.163,-0.173,-0.21,-0.111,0.004,0.102,0.086,-0.219,-0.334,-0.307,-0.175,0.045,0,0.117
2016.04.05,22:00,-0.191,-0.255,-0.244,-0.308,-0.355,-0.342,-0.358,-0.264,-0.252,-0.264,-0.242,-0.252,-0.304,-0.278,-0.27,-0.351,-0.28,-0.29,-0.327,-0.228,-0.113,-0.015,-0.031,-0.336,-0.451,-0.424,-0.292,-0.072,-0.117,0,0.084
2016.04.05,22:15,-0.339,-0.328,-0.392,-0.439,-0.426,-0.442,-0.348,-0.336,-0.348,-0.326,-0.336,-0.388,-0.362,-0.354,-0.435,-0.364,-0.374,-0.411,-0.312,-0.197,-0.099,-0.115,-0.42,-0.535,-0.508,-0.376,-0.156,-0.201,-0.084,0,-0.077
2016.04.05,22:30,-0.251,-0.315,-0.362,-0.349,-0.365,-0.271,-0.259,-0.271,-0.249,-0.259,-0.311,-0.285,-0.277,-0.358,-0.287,-0.297,-0.334,-0.235,-0.12,-0.022,-0.038,-0.343,-0.458,-0.431,-0.299,-0.079,-0.124,-0.007,0.077,0,-0.014
2016.04.05,22:45,-0.301,-0.348,-0.335,-0.351,-0.257,-0.245,-0.257,-0.235,-0.245,-0.297,-0.271,-0.263,-0.344,-0.273,-0.283,-0.32,-0.221,-0.106,-0.008,-0.024,-0.329,-0.444,-0.417,-0.285,-0.065,-0.11,0.007,0.091,0.014,0,0.036
2016.04.05,23:00,-0.384,-0.371,-0.387,-0.293,-0.281,-0.293,-0.271,-0.281,-0.333,-0.307,-0.299,-0.38,-0.309,-0.319,-0.356,-0.257,-0.142,-0.044,-0.06,-0.365,-0.48,-0.453,-0.321,-0.101,-0.146,-0.029,0.055,-0.022,-0.036,0,-0.027
2016.04.05,23:15,-0.344,-0.36,-0.266,-0.254,-0.266,-0.244,-0.254,-0.306,-0.28,-0.272,-0.353,-0.282,-0.292,-0.329,-0.23,-0.115,-0.017,-0.033,-0.338,-0.453,-0.426,-0.294,-0.074,-0.119,-0.002,0.082,0.005,-0.009,0.027,0,-0.079
2016.04.05,23:30,-0.281,-0.187,-0.175,-0.187,-0.165,-0.175,-0.227,-0.201,-0.193,-0.274,-0.203,-0.213,-0.25,-0.151,-0.036,0.062,0.046,-0.259,-0.374,-0.347,-0.215,0.005,-0.04,0.077,0.161,0.084,0.07,0.106,0.079,0,-0.179
2016.04.05,23:45,-0.008,0.004,-0.008,0.014,0.004,-0.048,-0.022,-0.014,-0.095,-0.024,-0.034,-0.071,0.028,0.143,0.241,0.225,-0.08,-0.195,-0.168,-0.036,0.184,0.139,0.256,0.34,0.263,0.249,0.285,0.258,0.179,0,-0.004
2016.04.06,00:00,0.008,-0.004,0.018,0.008,-0.044,-0.018,-0.01,-0.091,-0.02,-0.03,-0.067,0.032,0.147,0.245,0.229,-0.076,-0.191,-0.164,-0.032,0.188,0.143,0.26,0.344,0.267,0.253,0.289,0.262,0.183,0.004,0,0.076
2016.04.06,00:15,-0.08,-0.058,-0.068,-0.12,-0.094,-0.086,-0.167,-0.096,-0.106,-0.143,-0.044,0.071,0.169,0.153,-0.152,-0.267,-0.24,-0.108,0.112,0.067,0.184,0.268,0.191,0.177,0.213,0.186,0.107,-0.072,-0.076,0,0.055
2016.04.06,00:30,-0.113,-0.123,-0.175,-0.149,-0.141,-0.222,-0.151,-0.161,-0.198,-0.099,0.016,0.114,0.098,-0.207,-0.322,-0.295,-0.163,0.057,0.012,0.129,0.213,0.136,0.122,0.158,0.131,0.052,-0.127,-0.131,-0.055,0,-0.028
2016.04.06,00:45,-0.095,-0.147,-0.121,-0.113,-0.194,-0.123,-0.133,-0.17,-0.071,0.044,0.142,0.126,-0.179,-0.294,-0.267,-0.135,0.085,0.04,0.157,0.241,0.164,0.15,0.186,0.159,0.08,-0.099,-0.103,-0.027,0.028,0,-0.232
2016.04.06,01:00,0.085,0.111,0.119,0.038,0.109,0.099,0.062,0.161,0.276,0.374,0.358,0.053,-0.062,-0.035,0.097,0.317,0.272,0.389,0.473,0.396,0.382,0.418,0.391,0.312,0.133,0.129,0.205,0.26,0.232,0,0.048
2016.04.06,01:15,0.063,0.071,-0.01,0.061,0.051,0.014,0.113,0.228,0.326,0.31,0.005,-0.11,-0.083,0.049,0.269,0.224,0.341,0.425,0.348,0.334,0.37,0.343,0.264,0.085,0.081,0.157,0.212,0.184,-0.048,0,0.011
2016.04.06,01:30,0.06,-0.021,0.05,0.04,0.003,0.102,0.217,0.315,0.299,-0.006,-0.121,-0.094,0.038,0.258,0.213,0.33,0.414,0.337,0.323,0.359,0.332,0.253,0.074,0.07,0.146,0.201,0.173,-0.059,-0.011,0,-0.031
2016.04.06,01:45,0.01,0.081,0.071,0.034,0.133,0.248,0.346,0.33,0.025,-0.09,-0.063,0.069,0.289,0.244,0.361,0.445,0.368,0.354,0.39,0.363,0.284,0.105,0.101,0.177,0.232,0.204,-0.028,0.02,0.031,0,-0.016
2016.04.06,02:00,0.097,0.087,0.05,0.149,0.264,0.362,0.346,0.041,-0.074,-0.047,0.085,0.305,0.26,0.377,0.461,0.384,0.37,0.406,0.379,0.3,0.121,0.117,0.193,0.248,0.22,-0.012,0.036,0.047,0.016,0,-0.326
2016.04.06,02:15,0.413,0.376,0.475,0.59,0.688,0.672,0.367,0.252,0.279,0.411,0.631,0.586,0.703,0.787,0.71,0.696,0.732,0.705,0.626,0.447,0.443,0.519,0.574,0.546,0.314,0.362,0.373,0.342,0.326,0,0.26
2016.04.06,02:30,0.116,0.215,0.33,0.428,0.412,0.107,-0.008,0.019,0.151,0.371,0.326,0.443,0.527,0.45,0.436,0.472,0.445,0.366,0.187,0.183,0.259,0.314,0.286,0.054,0.102,0.113,0.082,0.066,-0.26,0,0.018
2016.04.06,02:45,0.197,0.312,0.41,0.394,0.089,-0.026,0.001,0.133,0.353,0.308,0.425,0.509,0.432,0.418,0.454,0.427,0.348,0.169,0.165,0.241,0.296,0.268,0.036,0.084,0.095,0.064,0.048,-0.278,-0.018,0,-0.071
2016.04.06,03:00,0.383,0.481,0.465,0.16,0.045,0.072,0.204,0.424,0.379,0.496,0.58,0.503,0.489,0.525,0.498,0.419,0.24,0.236,0.312,0.367,0.339,0.107,0.155,0.166,0.135,0.119,-0.207,0.053,0.071,0,0.185
2016.04.06,03:15,0.296,0.28,-0.025,-0.14,-0.113,0.019,0.239,0.194,0.311,0.395,0.318,0.304,0.34,0.313,0.234,0.055,0.051,0.127,0.182,0.154,-0.078,-0.03,-0.019,-0.05,-0.066,-0.392,-0.132,-0.114,-0.185,0,-0.074
2016.04.06,03:30,0.354,0.049,-0.066,-0.039,0.093,0.313,0.268,0.385,0.469,0.392,0.378,0.414,0.387,0.308,0.129,0.125,0.201,0.256,0.228,-0.004,0.044,0.055,0.024,0.008,-0.318,-0.058,-0.04,-0.111,0.074,0,-0.234
2016.04.06,03:45,0.283,0.168,0.195,0.327,0.547,0.502,0.619,0.703,0.626,0.612,0.648,0.621,0.542,0.363,0.359,0.435,0.49,0.462,0.23,0.278,0.289,0.258,0.242,-0.084,0.176,0.194,0.123,0.308,0.234,0,-0.182
2016.04.06,04:00,0.35,0.377,0.509,0.729,0.684,0.801,0.885,0.808,0.794,0.83,0.803,0.724,0.545,0.541,0.617,0.672,0.644,0.412,0.46,0.471,0.44,0.424,0.098,0.358,0.376,0.305,0.49,0.416,0.182,0,-0.088
2016.04.06,04:15,0.465,0.597,0.817,0.772,0.889,0.973,0.896,0.882,0.918,0.891,0.812,0.633,0.629,0.705,0.76,0.732,0.5,0.548,0.559,0.528,0.512,0.186,0.446,0.464,0.393,0.578,0.504,0.27,0.088,0,0.185
2016.04.06,04:30,0.412,0.632,0.587,0.704,0.788,0.711,0.697,0.733,0.706,0.627,0.448,0.444,0.52,0.575,0.547,0.315,0.363,0.374,0.343,0.327,0.001,0.261,0.279,0.208,0.393,0.319,0.085,-0.097,-0.185,0,-0.059
2016.04.06,04:45,0.691,0.646,0.763,0.847,0.77,0.756,0.792,0.765,0.686,0.507,0.503,0.579,0.634,0.606,0.374,0.422,0.433,0.402,0.386,0.06,0.32,0.338,0.267,0.452,0.378,0.144,-0.038,-0.126,0.059,0,0.199
2016.04.06,05:00,0.447,0.564,0.648,0.571,0.557,0.593,0.566,0.487,0.308,0.304,0.38,0.435,0.407,0.175,0.223,0.234,0.203,0.187,-0.139,0.121,0.139,0.068,0.253,0.179,-0.055,-0.237,-0.325,-0.14,-0.199,0,0.012
2016.04.06,05:15,0.552,0.636,0.559,0.545,0.581,0.554,0.475,0.296,0.292,0.368,0.423,0.395,0.163,0.211,0.222,0.191,0.175,-0.151,0.109,0.127,0.056,0.241,0.167,-0.067,-0.249,-0.337,-0.152,-0.211,-0.012,0,-0.274
2016.04.06,05:30,0.91,0.833,0.819,0.855,0.828,0.749,0.57,0.566,0.642,0.697,0.669,0.437,0.485,0.496,0.465,0.449,0.123,0.383,0.401,0.33,0.515,0.441,0.207,0.025,-0.063,0.122,0.063,0.262,0.274,0,-0.044
2016.04.06,05:45,0.877,0.863,0.899,0.872,0.793,0.614,0.61,0.686,0.741,0.713,0.481,0.529,0.54,0.509,0.493,0.167,0.427,0.445,0.374,0.559,0.485,0.251,0.069,-0.019,0.166,0.107,0.306,0.318,0.044,0,-0.052
2016.04.06,06:00,0.915,0.951,0.924,0.845,0.666,0.662,0.738,0.793,0.765,0.533,0.581,0.592,0.561,0.545,0.219,0.479,0.497,0.426,0.611,0.537,0.303,0.121,0.033,0.218,0.159,0.358,0.37,0.096,0.052,0,-0.067
2016.04.06,06:15,1.018,0.991,0.912,0.733,0.729,0.805,0.86,0.832,0.6,0.648,0.659,0.628,0.612,0.286,0.546,0.564,0.493,0.678,0.604,0.37,0.188,0.1,0.285,0.226,0.425,0.437,0.163,0.119,0.067,0,-0.257
2016.04.06,06:30,1.248,1.169,0.99,0.986,1.062,1.117,1.089,0.857,0.905,0.916,0.885,0.869,0.543,0.803,0.821,0.75,0.935,0.861,0.627,0.445,0.357,0.542,0.483,0.682,0.694,0.42,0.376,0.324,0.257,0,0.173
2016.04.06,06:45,0.996,0.817,0.813,0.889,0.944,0.916,0.684,0.732,0.743,0.712,0.696,0.37,0.63,0.648,0.577,0.762,0.688,0.454,0.272,0.184,0.369,0.31,0.509,0.521,0.247,0.203,0.151,0.084,-0.173,0,-0.396
2016.04.06,07:00,1.213,1.209,1.285,1.34,1.312,1.08,1.128,1.139,1.108,1.092,0.766,1.026,1.044,0.973,1.158,1.084,0.85,0.668,0.58,0.765,0.706,0.905,0.917,0.643,0.599,0.547,0.48,0.223,0.396,0,-0.092
2016.04.06,07:15,1.301,1.377,1.432,1.404,1.172,1.22,1.231,1.2,1.184,0.858,1.118,1.136,1.065,1.25,1.176,0.942,0.76,0.672,0.857,0.798,0.997,1.009,0.735,0.691,0.639,0.572,0.315,0.488,0.092,0,-0.128
2016.04.06,07:30,1.505,1.56,1.532,1.3,1.348,1.359,1.328,1.312,0.986,1.246,1.264,1.193,1.378,1.304,1.07,0.888,0.8,0.985,0.926,1.125,1.137,0.863,0.819,0.767,0.7,0.443,0.616,0.22,0.128,0,0.063
2016.04.06,07:45,1.497,1.469,1.237,1.285,1.296,1.265,1.249,0.923,1.183,1.201,1.13,1.315,1.241,1.007,0.825,0.737,0.922,0.863,1.062,1.074,0.8,0.756,0.704,0.637,0.38,0.553,0.157,0.065,-0.063,0,0.164
2016.04.06,08:00,1.305,1.073,1.121,1.132,1.101,1.085,0.759,1.019,1.037,0.966,1.151,1.077,0.843,0.661,0.573,0.758,0.699,0.898,0.91,0.636,0.592,0.54,0.473,0.216,0.389,-0.007,-0.099,-0.227,-0.164,0,-0.143
2016.04.06,08:15,1.216,1.264,1.275,1.244,1.228,0.902,1.162,1.18,1.109,1.294,1.22,0.986,0.804,0.716,0.901,0.842,1.041,1.053,0.779,0.735,0.683,0.616,0.359,0.532,0.136,0.044,-0.084,-0.021,0.143,0,0.113
2016.04.06,08:30,1.151,1.162,1.131,1.115,0.789,1.049,1.067,0.996,1.181,1.107,0.873,0.691,0.603,0.788,0.729,0.928,0.94,0.666,0.622,0.57,0.503,0.246,0.419,0.023,-0.069,-0.197,-0.134,0.03,-0.113,0,-0.197
2016.04.06,08:45,1.359,1.328,1.312,0.986,1.246,1.264,1.193,1.378,1.304,1.07,0.888,0.8,0.985,0.926,1.125,1.137,0.863,0.819,0.767,0.7,0.443,0.616,0.22,0.128,0,0.063,0.227,0.084,0.197,0,-0.126
2016.04.06,09:00,1.454,1.438,1.112,1.372,1.39,1.319,1.504,1.43,1.196,1.014,0.926,1.111,1.052,1.251,1.263,0.989,0.945,0.893,0.826,0.569,0.742,0.346,0.254,0.126,0.189,0.353,0.21,0.323,0.126,0,0.118
2016.04.06,09:15,1.32,0.994,1.254,1.272,1.201,1.386,1.312,1.078,0.896,0.808,0.993,0.934,1.133,1.145,0.871,0.827,0.775,0.708,0.451,0.624,0.228,0.136,0.008,0.071,0.235,0.092,0.205,0.008,-0.118,0,0.184
2016.04.06,09:30,0.81,1.07,1.088,1.017,1.202,1.128,0.894,0.712,0.624,0.809,0.75,0.949,0.961,0.687,0.643,0.591,0.524,0.267,0.44,0.044,-0.048,-0.176,-0.113,0.051,-0.092,0.021,-0.176,-0.302,-0.184,0,-0.132
2016.04.06,09:45,1.202,1.22,1.149,1.334,1.26,1.026,0.844,0.756,0.941,0.882,1.081,1.093,0.819,0.775,0.723,0.656,0.399,0.572,0.176,0.084,-0.044,0.019,0.183,0.04,0.153,-0.044,-0.17,-0.052,0.132,0,0.212
2016.04.06,10:00,1.008,0.937,1.122,1.048,0.814,0.632,0.544,0.729,0.67,0.869,0.881,0.607,0.563,0.511,0.444,0.187,0.36,-0.036,-0.128,-0.256,-0.193,-0.029,-0.172,-0.059,-0.256,-0.382,-0.264,-0.08,-0.212,0,0.156
2016.04.06,10:15,0.781,0.966,0.892,0.658,0.476,0.388,0.573,0.514,0.713,0.725,0.451,0.407,0.355,0.288,0.031,0.204,-0.192,-0.284,-0.412,-0.349,-0.185,-0.328,-0.215,-0.412,-0.538,-0.42,-0.236,-0.368,-0.156,0,-0.291
2016.04.06,10:30,1.257,1.183,0.949,0.767,0.679,0.864,0.805,1.004,1.016,0.742,0.698,0.646,0.579,0.322,0.495,0.099,0.007,-0.121,-0.058,0.106,-0.037,0.076,-0.121,-0.247,-0.129,0.055,-0.077,0.135,0.291,0,0.286
2016.04.06,10:45,0.897,0.663,0.481,0.393,0.578,0.519,0.718,0.73,0.456,0.412,0.36,0.293,0.036,0.209,-0.187,-0.279,-0.407,-0.344,-0.18,-0.323,-0.21,-0.407,-0.533,-0.415,-0.231,-0.363,-0.151,0.005,-0.286,0,-0.096
2016.04.06,11:00,0.759,0.577,0.489,0.674,0.615,0.814,0.826,0.552,0.508,0.456,0.389,0.132,0.305,-0.091,-0.183,-0.311,-0.248,-0.084,-0.227,-0.114,-0.311,-0.437,-0.319,-0.135,-0.267,-0.055,0.101,-0.19,0.096,0,0.112
2016.04.06,11:15,0.465,0.377,0.562,0.503,0.702,0.714,0.44,0.396,0.344,0.277,0.02,0.193,-0.203,-0.295,-0.423,-0.36,-0.196,-0.339,-0.226,-0.423,-0.549,-0.431,-0.247,-0.379,-0.167,-0.011,-0.302,-0.016,-0.112,0,0.054
2016.04.06,11:30,0.323,0.508,0.449,0.648,0.66,0.386,0.342,0.29,0.223,-0.034,0.139,-0.257,-0.349,-0.477,-0.414,-0.25,-0.393,-0.28,-0.477,-0.603,-0.485,-0.301,-0.433,-0.221,-0.065,-0.356,-0.07,-0.166,-0.054,0,-0.105
2016.04.06,11:45,0.613,0.554,0.753,0.765,0.491,0.447,0.395,0.328,0.071,0.244,-0.152,-0.244,-0.372,-0.309,-0.145,-0.288,-0.175,-0.372,-0.498,-0.38,-0.196,-0.328,-0.116,0.04,-0.251,0.035,-0.061,0.051,0.105,0,0.163
2016.04.06,12:00,0.391,0.59,0.602,0.328,0.284,0.232,0.165,-0.092,0.081,-0.315,-0.407,-0.535,-0.472,-0.308,-0.451,-0.338,-0.535,-0.661,-0.543,-0.359,-0.491,-0.279,-0.123,-0.414,-0.128,-0.224,-0.112,-0.058,-0.163,0,-0.088
2016.04.06,12:15,0.678,0.69,0.416,0.372,0.32,0.253,-0.004,0.169,-0.227,-0.319,-0.447,-0.384,-0.22,-0.363,-0.25,-0.447,-0.573,-0.455,-0.271,-0.403,-0.191,-0.035,-0.326,-0.04,-0.136,-0.024,0.03,-0.075,0.088,0,-0.225
2016.04.06,12:30,0.915,0.641,0.597,0.545,0.478,0.221,0.394,-0.002,-0.094,-0.222,-0.159,0.005,-0.138,-0.025,-0.222,-0.348,-0.23,-0.046,-0.178,0.034,0.19,-0.101,0.185,0.089,0.201,0.255,0.15,0.313,0.225,0,0.037
2016.04.06,12:45,0.604,0.56,0.508,0.441,0.184,0.357,-0.039,-0.131,-0.259,-0.196,-0.032,-0.175,-0.062,-0.259,-0.385,-0.267,-0.083,-0.215,-0.003,0.153,-0.138,0.148,0.052,0.164,0.218,0.113,0.276,0.188,-0.037,0,-0.012
2016.04.06,13:00,0.572,0.52,0.453,0.196,0.369,-0.027,-0.119,-0.247,-0.184,-0.02,-0.163,-0.05,-0.247,-0.373,-0.255,-0.071,-0.203,0.009,0.165,-0.126,0.16,0.064,0.176,0.23,0.125,0.288,0.2,-0.025,0.012,0,-0.02
2016.04.06,13:15,0.54,0.473,0.216,0.389,-0.007,-0.099,-0.227,-0.164,0,-0.143,-0.03,-0.227,-0.353,-0.235,-0.051,-0.183,0.029,0.185,-0.106,0.18,0.084,0.196,0.25,0.145,0.308,0.22,-0.005,0.032,0.02,0,-0.197
2016.04.06,13:30,0.67,0.413,0.586,0.19,0.098,-0.03,0.033,0.197,0.054,0.167,-0.03,-0.156,-0.038,0.146,0.014,0.226,0.382,0.091,0.377,0.281,0.393,0.447,0.342,0.505,0.417,0.192,0.229,0.217,0.197,0,-0.186
2016.04.06,13:45,0.599,0.772,0.376,0.284,0.156,0.219,0.383,0.24,0.353,0.156,0.03,0.148,0.332,0.2,0.412,0.568,0.277,0.563,0.467,0.579,0.633,0.528,0.691,0.603,0.378,0.415,0.403,0.383,0.186,0,0.162
2016.04.06,14:00,0.61,0.214,0.122,-0.006,0.057,0.221,0.078,0.191,-0.006,-0.132,-0.014,0.17,0.038,0.25,0.406,0.115,0.401,0.305,0.417,0.471,0.366,0.529,0.441,0.216,0.253,0.241,0.221,0.024,-0.162,0,-0.08
2016.04.06,14:15,0.294,0.202,0.074,0.137,0.301,0.158,0.271,0.074,-0.052,0.066,0.25,0.118,0.33,0.486,0.195,0.481,0.385,0.497,0.551,0.446,0.609,0.521,0.296,0.333,0.321,0.301,0.104,-0.082,0.08,0,0.178
2016.04.06,14:30,0.024,-0.104,-0.041,0.123,-0.02,0.093,-0.104,-0.23,-0.112,0.072,-0.06,0.152,0.308,0.017,0.303,0.207,0.319,0.373,0.268,0.431,0.343,0.118,0.155,0.143,0.123,-0.074,-0.26,-0.098,-0.178,0,0.01
2016.04.06,14:45,-0.114,-0.051,0.113,-0.03,0.083,-0.114,-0.24,-0.122,0.062,-0.07,0.142,0.298,0.007,0.293,0.197,0.309,0.363,0.258,0.421,0.333,0.108,0.145,0.133,0.113,-0.084,-0.27,-0.108,-0.188,-0.01,0,0.002
2016.04.06,15:00,-0.053,0.111,-0.032,0.081,-0.116,-0.242,-0.124,0.06,-0.072,0.14,0.296,0.005,0.291,0.195,0.307,0.361,0.256,0.419,0.331,0.106,0.143,0.131,0.111,-0.086,-0.272,-0.11,-0.19,-0.012,-0.002,0,0.062
2016.04.06,15:15,0.049,-0.094,0.019,-0.178,-0.304,-0.186,-0.002,-0.134,0.078,0.234,-0.057,0.229,0.133,0.245,0.299,0.194,0.357,0.269,0.044,0.081,0.069,0.049,-0.148,-0.334,-0.172,-0.252,-0.074,-0.064,-0.062,0,0.007
2016.04.06,15:30,-0.101,0.012,-0.185,-0.311,-0.193,-0.009,-0.141,0.071,0.227,-0.064,0.222,0.126,0.238,0.292,0.187,0.35,0.262,0.037,0.074,0.062,0.042,-0.155,-0.341,-0.179,-0.259,-0.081,-0.071,-0.069,-0.007,0,0.027
2016.04.06,15:45,-0.015,-0.212,-0.338,-0.22,-0.036,-0.168,0.044,0.2,-0.091,0.195,0.099,0.211,0.265,0.16,0.323,0.235,0.01,0.047,0.035,0.015,-0.182,-0.368,-0.206,-0.286,-0.108,-0.098,-0.096,-0.034,-0.027,0,0.061
2016.04.06,16:00,-0.273,-0.399,-0.281,-0.097,-0.229,-0.017,0.139,-0.152,0.134,0.038,0.15,0.204,0.099,0.262,0.174,-0.051,-0.014,-0.026,-0.046,-0.243,-0.429,-0.267,-0.347,-0.169,-0.159,-0.157,-0.095,-0.088,-0.061,0,-0.038
2016.04.06,16:15,-0.361,-0.243,-0.059,-0.191,0.021,0.177,-0.114,0.172,0.076,0.188,0.242,0.137,0.3,0.212,-0.013,0.024,0.012,-0.008,-0.205,-0.391,-0.229,-0.309,-0.131,-0.121,-0.119,-0.057,-0.05,-0.023,0.038,0,0.023
2016.04.06,16:30,-0.266,-0.082,-0.214,-0.002,0.154,-0.137,0.149,0.053,0.165,0.219,0.114,0.277,0.189,-0.036,0.001,-0.011,-0.031,-0.228,-0.414,-0.252,-0.332,-0.154,-0.144,-0.142,-0.08,-0.073,-0.046,0.015,-0.023,0,-0.025
2016.04.06,16:45,-0.057,-0.189,0.023,0.179,-0.112,0.174,0.078,0.19,0.244,0.139,0.302,0.214,-0.011,0.026,0.014,-0.006,-0.203,-0.389,-0.227,-0.307,-0.129,-0.119,-0.117,-0.055,-0.048,-0.021,0.04,0.002,0.025,0,-0.016
2016.04.06,17:00,-0.173,0.039,0.195,-0.096,0.19,0.094,0.206,0.26,0.155,0.318,0.23,0.005,0.042,0.03,0.01,-0.187,-0.373,-0.211,-0.291,-0.113,-0.103,-0.101,-0.039,-0.032,-0.005,0.056,0.018,0.041,0.016,0,-0.066
2016.04.06,17:15,0.105,0.261,-0.03,0.256,0.16,0.272,0.326,0.221,0.384,0.296,0.071,0.108,0.096,0.076,-0.121,-0.307,-0.145,-0.225,-0.047,-0.037,-0.035,0.027,0.034,0.061,0.122,0.084,0.107,0.082,0.066,0,0.023
2016.04.06,17:30,0.238,-0.053,0.233,0.137,0.249,0.303,0.198,0.361,0.273,0.048,0.085,0.073,0.053,-0.144,-0.33,-0.168,-0.248,-0.07,-0.06,-0.058,0.004,0.011,0.038,0.099,0.061,0.084,0.059,0.043,-0.023,0,0.118
2016.04.06,17:45,-0.171,0.115,0.019,0.131,0.185,0.08,0.243,0.155,-0.07,-0.033,-0.045,-0.065,-0.262,-0.448,-0.286,-0.366,-0.188,-0.178,-0.176,-0.114,-0.107,-0.08,-0.019,-0.057,-0.034,-0.059,-0.075,-0.141,-0.118,0,-0.031
2016.04.06,18:00,0.146,0.05,0.162,0.216,0.111,0.274,0.186,-0.039,-0.002,-0.014,-0.034,-0.231,-0.417,-0.255,-0.335,-0.157,-0.147,-0.145,-0.083,-0.076,-0.049,0.012,-0.026,-0.003,-0.028,-0.044,-0.11,-0.087,0.031,0,-0.053
2016.04.06,18:15,0.103,0.215,0.269,0.164,0.327,0.239,0.014,0.051,0.039,0.019,-0.178,-0.364,-0.202,-0.282,-0.104,-0.094,-0.092,-0.03,-0.023,0.004,0.065,0.027,0.05,0.025,0.009,-0.057,-0.034,0.084,0.053,0,0.022
2016.04.06,18:30,0.193,0.247,0.142,0.305,0.217,-0.008,0.029,0.017,-0.003,-0.2,-0.386,-0.224,-0.304,-0.126,-0.116,-0.114,-0.052,-0.045,-0.018,0.043,0.005,0.028,0.003,-0.013,-0.079,-0.056,0.062,0.031,-0.022,0,0.018
2016.04.06,18:45,0.229,0.124,0.287,0.199,-0.026,0.011,-0.001,-0.021,-0.218,-0.404,-0.242,-0.322,-0.144,-0.134,-0.132,-0.07,-0.063,-0.036,0.025,-0.013,0.01,-0.015,-0.031,-0.097,-0.074,0.044,0.013,-0.04,-0.018,0,0.048
2016.04.06,19:00,0.076,0.239,0.151,-0.074,-0.037,-0.049,-0.069,-0.266,-0.452,-0.29,-0.37,-0.192,-0.182,-0.18,-0.118,-0.111,-0.084,-0.023,-0.061,-0.038,-0.063,-0.079,-0.145,-0.122,-0.004,-0.035,-0.088,-0.066,-0.048,0,0.005
2016.04.06,19:15,0.234,0.146,-0.079,-0.042,-0.054,-0.074,-0.271,-0.457,-0.295,-0.375,-0.197,-0.187,-0.185,-0.123,-0.116,-0.089,-0.028,-0.066,-0.043,-0.068,-0.084,-0.15,-0.127,-0.009,-0.04,-0.093,-0.071,-0.053,-0.005,0,-0.035
2016.04.06,19:30,0.181,-0.044,-0.007,-0.019,-0.039,-0.236,-0.422,-0.26,-0.34,-0.162,-0.152,-0.15,-0.088,-0.081,-0.054,0.007,-0.031,-0.008,-0.033,-0.049,-0.115,-0.092,0.026,-0.005,-0.058,-0.036,-0.018,0.03,0.035,0,-0.052
2016.04.06,19:45,0.008,0.045,0.033,0.013,-0.184,-0.37,-0.208,-0.288,-0.11,-0.1,-0.098,-0.036,-0.029,-0.002,0.059,0.021,0.044,0.019,0.003,-0.063,-0.04,0.078,0.047,-0.006,0.016,0.034,0.082,0.087,0.052,0,0.07
2016.04.06,20:00,-0.025,-0.037,-0.057,-0.254,-0.44,-0.278,-0.358,-0.18,-0.17,-0.168,-0.106,-0.099,-0.072,-0.011,-0.049,-0.026,-0.051,-0.067,-0.133,-0.11,0.008,-0.023,-0.076,-0.054,-0.036,0.012,0.017,-0.018,-0.07,0,0.046
2016.04.06,20:15,-0.083,-0.103,-0.3,-0.486,-0.324,-0.404,-0.226,-0.216,-0.214,-0.152,-0.145,-0.118,-0.057,-0.095,-0.072,-0.097,-0.113,-0.179,-0.156,-0.038,-0.069,-0.122,-0.1,-0.082,-0.034,-0.029,-0.064,-0.116,-0.046,0,-0.286
2016.04.06,20:30,0.183,-0.014,-0.2,-0.038,-0.118,0.06,0.07,0.072,0.134,0.141,0.168,0.229,0.191,0.214,0.189,0.173,0.107,0.13,0.248,0.217,0.164,0.186,0.204,0.252,0.257,0.222,0.17,0.24,0.286,0,-0.134
2016.04.06,20:45,0.12,-0.066,0.096,0.016,0.194,0.204,0.206,0.268,0.275,0.302,0.363,0.325,0.348,0.323,0.307,0.241,0.264,0.382,0.351,0.298,0.32,0.338,0.386,0.391,0.356,0.304,0.374,0.42,0.134,0,0.101
2016.04.06,21:00,-0.167,-0.005,-0.085,0.093,0.103,0.105,0.167,0.174,0.201,0.262,0.224,0.247,0.222,0.206,0.14,0.163,0.281,0.25,0.197,0.219,0.237,0.285,0.29,0.255,0.203,0.273,0.319,0.033,-0.101,0,-0.139
2016.04.06,21:15,0.134,0.054,0.232,0.242,0.244,0.306,0.313,0.34,0.401,0.363,0.386,0.361,0.345,0.279,0.302,0.42,0.389,0.336,0.358,0.376,0.424,0.429,0.394,0.342,0.412,0.458,0.172,0.038,0.139,0,-0.038
2016.04.06,21:30,0.092,0.27,0.28,0.282,0.344,0.351,0.378,0.439,0.401,0.424,0.399,0.383,0.317,0.34,0.458,0.427,0.374,0.396,0.414,0.462,0.467,0.432,0.38,0.45,0.496,0.21,0.076,0.177,0.038,0,-0.271
2016.04.06,21:45,0.541,0.551,0.553,0.615,0.622,0.649,0.71,0.672,0.695,0.67,0.654,0.588,0.611,0.729,0.698,0.645,0.667,0.685,0.733,0.738,0.703,0.651,0.721,0.767,0.481,0.347,0.448,0.309,0.271,0,-0.087
2016.04.06,22:00,0.638,0.64,0.702,0.709,0.736,0.797,0.759,0.782,0.757,0.741,0.675,0.698,0.816,0.785,0.732,0.754,0.772,0.82,0.825,0.79,0.738,0.808,0.854,0.568,0.434,0.535,0.396,0.358,0.087,0,0.062
2016.04.06,22:15,0.578,0.64,0.647,0.674,0.735,0.697,0.72,0.695,0.679,0.613,0.636,0.754,0.723,0.67,0.692,0.71,0.758,0.763,0.728,0.676,0.746,0.792,0.506,0.372,0.473,0.334,0.296,0.025,-0.062,0,-0.059
2016.04.06,22:30,0.699,0.706,0.733,0.794,0.756,0.779,0.754,0.738,0.672,0.695,0.813,0.782,0.729,0.751,0.769,0.817,0.822,0.787,0.735,0.805,0.851,0.565,0.431,0.532,0.393,0.355,0.084,-0.003,0.059,0,-0.05
2016.04.06,22:45,0.756,0.783,0.844,0.806,0.829,0.804,0.788,0.722,0.745,0.863,0.832,0.779,0.801,0.819,0.867,0.872,0.837,0.785,0.855,0.901,0.615,0.481,0.582,0.443,0.405,0.134,0.047,0.109,0.05,0,-0.081
2016.04.06,23:00,0.864,0.925,0.887,0.91,0.885,0.869,0.803,0.826,0.944,0.913,0.86,0.882,0.9,0.948,0.953,0.918,0.866,0.936,0.982,0.696,0.562,0.663,0.524,0.486,0.215,0.128,0.19,0.131,0.081,0,-0.106
2016.04.06,23:15,1.031,0.993,1.016,0.991,0.975,0.909,0.932,1.05,1.019,0.966,0.988,1.006,1.054,1.059,1.024,0.972,1.042,1.088,0.802,0.668,0.769,0.63,0.592,0.321,0.234,0.296,0.237,0.187,0.106,0,0.202
2016.04.06,23:30,0.791,0.814,0.789,0.773,0.707,0.73,0.848,0.817,0.764,0.786,0.804,0.852,0.857,0.822,0.77,0.84,0.886,0.6,0.466,0.567,0.428,0.39,0.119,0.032,0.094,0.035,-0.015,-0.096,-0.202,0,-0.112
2016.04.06,23:45,0.926,0.901,0.885,0.819,0.842,0.96,0.929,0.876,0.898,0.916,0.964,0.969,0.934,0.882,0.952,0.998,0.712,0.578,0.679,0.54,0.502,0.231,0.144,0.206,0.147,0.097,0.016,-0.09,0.112,0,0.005
2016.04.07,00:00,0.896,0.88,0.814,0.837,0.955,0.924,0.871,0.893,0.911,0.959,0.964,0.929,0.877,0.947,0.993,0.707,0.573,0.674,0.535,0.497,0.226,0.139,0.201,0.142,0.092,0.011,-0.095,0.107,-0.005,0,-0.081
2016.04.07,00:15,0.961,0.895,0.918,1.036,1.005,0.952,0.974,0.992,1.04,1.045,1.01,0.958,1.028,1.074,0.788,0.654,0.755,0.616,0.578,0.307,0.22,0.282,0.223,0.173,0.092,-0.014,0.188,0.076,0.081,0,0.013
2016.04.07,00:30,0.882,0.905,1.023,0.992,0.939,0.961,0.979,1.027,1.032,0.997,0.945,1.015,1.061,0.775,0.641,0.742,0.603,0.565,0.294,0.207,0.269,0.21,0.16,0.079,-0.027,0.175,0.063,0.068,-0.013,0,0.033
2016.04.07,00:45,0.872,0.99,0.959,0.906,0.928,0.946,0.994,0.999,0.964,0.912,0.982,1.028,0.742,0.608,0.709,0.57,0.532,0.261,0.174,0.236,0.177,0.127,0.046,-0.06,0.142,0.03,0.035,-0.046,-0.033,0,-0.17
2016.04.07,01:00,1.16,1.129,1.076,1.098,1.116,1.164,1.169,1.134,1.082,1.152,1.198,0.912,0.778,0.879,0.74,0.702,0.431,0.344,0.406,0.347,0.297,0.216,0.11,0.312,0.2,0.205,0.124,0.137,0.17,0,0.056
2016.04.07,01:15,1.073,1.02,1.042,1.06,1.108,1.113,1.078,1.026,1.096,1.142,0.856,0.722,0.823,0.684,0.646,0.375,0.288,0.35,0.291,0.241,0.16,0.054,0.256,0.144,0.149,0.068,0.081,0.114,-0.056,0,0.019
2016.04.07,01:30,1.001,1.023,1.041,1.089,1.094,1.059,1.007,1.077,1.123,0.837,0.703,0.804,0.665,0.627,0.356,0.269,0.331,0.272,0.222,0.141,0.035,0.237,0.125,0.13,0.049,0.062,0.095,-0.075,-0.019,0,0.152
2016.04.07,01:45,0.871,0.889,0.937,0.942,0.907,0.855,0.925,0.971,0.685,0.551,0.652,0.513,0.475,0.204,0.117,0.179,0.12,0.07,-0.011,-0.117,0.085,-0.027,-0.022,-0.103,-0.09,-0.057,-0.227,-0.171,-0.152,0,-0.208
2016.04.07,02:00,1.097,1.145,1.15,1.115,1.063,1.133,1.179,0.893,0.759,0.86,0.721,0.683,0.412,0.325,0.387,0.328,0.278,0.197,0.091,0.293,0.181,0.186,0.105,0.118,0.151,-0.019,0.037,0.056,0.208,0,-0.142
2016.04.07,02:15,1.287,1.292,1.257,1.205,1.275,1.321,1.035,0.901,1.002,0.863,0.825,0.554,0.467,0.529,0.47,0.42,0.339,0.233,0.435,0.323,0.328,0.247,0.26,0.293,0.123,0.179,0.198,0.35,0.142,0,-0.232
2016.04.07,02:30,1.524,1.489,1.437,1.507,1.553,1.267,1.133,1.234,1.095,1.057,0.786,0.699,0.761,0.702,0.652,0.571,0.465,0.667,0.555,0.56,0.479,0.492,0.525,0.355,0.411,0.43,0.582,0.374,0.232,0,-0.424
2016.04.07,02:45,1.913,1.861,1.931,1.977,1.691,1.557,1.658,1.519,1.481,1.21,1.123,1.185,1.126,1.076,0.995,0.889,1.091,0.979,0.984,0.903,0.916,0.949,0.779,0.835,0.854,1.006,0.798,0.656,0.424,0,-0.082
2016.04.07,03:00,1.943,2.013,2.059,1.773,1.639,1.74,1.601,1.563,1.292,1.205,1.267,1.208,1.158,1.077,0.971,1.173,1.061,1.066,0.985,0.998,1.031,0.861,0.917,0.936,1.088,0.88,0.738,0.506,0.082,0,-0.301
2016.04.07,03:15,2.314,2.36,2.074,1.94,2.041,1.902,1.864,1.593,1.506,1.568,1.509,1.459,1.378,1.272,1.474,1.362,1.367,1.286,1.299,1.332,1.162,1.218,1.237,1.389,1.181,1.039,0.807,0.383,0.301,0,0.149
2016.04.07,03:30,2.211,1.925,1.791,1.892,1.753,1.715,1.444,1.357,1.419,1.36,1.31,1.229,1.123,1.325,1.213,1.218,1.137,1.15,1.183,1.013,1.069,1.088,1.24,1.032,0.89,0.658,0.234,0.152,-0.149,0,-0.061
2016.04.07,03:45,1.986,1.852,1.953,1.814,1.776,1.505,1.418,1.48,1.421,1.371,1.29,1.184,1.386,1.274,1.279,1.198,1.211,1.244,1.074,1.13,1.149,1.301,1.093,0.951,0.719,0.295,0.213,-0.088,0.061,0,0.059
2016.04.07,04:00,1.793,1.894,1.755,1.717,1.446,1.359,1.421,1.362,1.312,1.231,1.125,1.327,1.215,1.22,1.139,1.152,1.185,1.015,1.071,1.09,1.242,1.034,0.892,0.66,0.236,0.154,-0.147,0.002,-0.059,0,0.059
2016.04.07,04:15,1.835,1.696,1.658,1.387,1.3,1.362,1.303,1.253,1.172,1.066,1.268,1.156,1.161,1.08,1.093,1.126,0.956,1.012,1.031,1.183,0.975,0.833,0.601,0.177,0.095,-0.206,-0.057,-0.118,-0.059,0,-0.325
2016.04.07,04:30,2.021,1.983,1.712,1.625,1.687,1.628,1.578,1.497,1.391,1.593,1.481,1.486,1.405,1.418,1.451,1.281,1.337,1.356,1.508,1.3,1.158,0.926,0.502,0.42,0.119,0.268,0.207,0.266,0.325,0,-0.252
2016.04.07,04:45,2.235,1.964,1.877,1.939,1.88,1.83,1.749,1.643,1.845,1.733,1.738,1.657,1.67,1.703,1.533,1.589,1.608,1.76,1.552,1.41,1.178,0.754,0.672,0.371,0.52,0.459,0.518,0.577,0.252,0,-0.066
2016.04.07,05:00,2.03,1.943,2.005,1.946,1.896,1.815,1.709,1.911,1.799,1.804,1.723,1.736,1.769,1.599,1.655,1.674,1.826,1.618,1.476,1.244,0.82,0.738,0.437,0.586,0.525,0.584,0.643,0.318,0.066,0,-0.153
2016.04.07,05:15,2.096,2.158,2.099,2.049,1.968,1.862,2.064,1.952,1.957,1.876,1.889,1.922,1.752,1.808,1.827,1.979,1.771,1.629,1.397,0.973,0.891,0.59,0.739,0.678,0.737,0.796,0.471,0.219,0.153,0,0.249
2016.04.07,05:30,1.909,1.85,1.8,1.719,1.613,1.815,1.703,1.708,1.627,1.64,1.673,1.503,1.559,1.578,1.73,1.522,1.38,1.148,0.724,0.642,0.341,0.49,0.429,0.488,0.547,0.222,-0.03,-0.096,-0.249,0,0.072
2016.04.07,05:45,1.778,1.728,1.647,1.541,1.743,1.631,1.636,1.555,1.568,1.601,1.431,1.487,1.506,1.658,1.45,1.308,1.076,0.652,0.57,0.269,0.418,0.357,0.416,0.475,0.15,-0.102,-0.168,-0.321,-0.072,0,-0.096
2016.04.07,06:00,1.824,1.743,1.637,1.839,1.727,1.732,1.651,1.664,1.697,1.527,1.583,1.602,1.754,1.546,1.404,1.172,0.748,0.666,0.365,0.514,0.453,0.512,0.571,0.246,-0.006,-0.072,-0.225,0.024,0.096,0,0.347
2016.04.07,06:15,1.396,1.29,1.492,1.38,1.385,1.304,1.317,1.35,1.18,1.236,1.255,1.407,1.199,1.057,0.825,0.401,0.319,0.018,0.167,0.106,0.165,0.224,-0.101,-0.353,-0.419,-0.572,-0.323,-0.251,-0.347,0,-0.232
2016.04.07,06:30,1.522,1.724,1.612,1.617,1.536,1.549,1.582,1.412,1.468,1.487,1.639,1.431,1.289,1.057,0.633,0.551,0.25,0.399,0.338,0.397,0.456,0.131,-0.121,-0.187,-0.34,-0.091,-0.019,-0.115,0.232,0,0.226
2016.04.07,06:45,1.498,1.386,1.391,1.31,1.323,1.356,1.186,1.242,1.261,1.413,1.205,1.063,0.831,0.407,0.325,0.024,0.173,0.112,0.171,0.23,-0.095,-0.347,-0.413,-0.566,-0.317,-0.245,-0.341,0.006,-0.226,0,0.106
2016.04.07,07:00,1.28,1.285,1.204,1.217,1.25,1.08,1.136,1.155,1.307,1.099,0.957,0.725,0.301,0.219,-0.082,0.067,0.006,0.065,0.124,-0.201,-0.453,-0.519,-0.672,-0.423,-0.351,-0.447,-0.1,-0.332,-0.106,0,0
2016.04.07,07:15,1.285,1.204,1.217,1.25,1.08,1.136,1.155,1.307,1.099,0.957,0.725,0.301,0.219,-0.082,0.067,0.006,0.065,0.124,-0.201,-0.453,-0.519,-0.672,-0.423,-0.351,-0.447,-0.1,-0.332,-0.106,0,0,-0.012
2016.04.07,07:30,1.216,1.229,1.262,1.092,1.148,1.167,1.319,1.111,0.969,0.737,0.313,0.231,-0.07,0.079,0.018,0.077,0.136,-0.189,-0.441,-0.507,-0.66,-0.411,-0.339,-0.435,-0.088,-0.32,-0.094,0.012,0.012,0,-0.293
2016.04.07,07:45,1.522,1.555,1.385,1.441,1.46,1.612,1.404,1.262,1.03,0.606,0.524,0.223,0.372,0.311,0.37,0.429,0.104,-0.148,-0.214,-0.367,-0.118,-0.046,-0.142,0.205,-0.027,0.199,0.305,0.305,0.293,0,0.074
2016.04.07,08:00,1.481,1.311,1.367,1.386,1.538,1.33,1.188,0.956,0.532,0.45,0.149,0.298,0.237,0.296,0.355,0.03,-0.222,-0.288,-0.441,-0.192,-0.12,-0.216,0.131,-0.101,0.125,0.231,0.231,0.219,-0.074,0,0.071
2016.04.07,08:15,1.24,1.296,1.315,1.467,1.259,1.117,0.885,0.461,0.379,0.078,0.227,0.166,0.225,0.284,-0.041,-0.293,-0.359,-0.512,-0.263,-0.191,-0.287,0.06,-0.172,0.054,0.16,0.16,0.148,-0.145,-0.071,0,0.025
2016.04.07,08:30,1.271,1.29,1.442,1.234,1.092,0.86,0.436,0.354,0.053,0.202,0.141,0.2,0.259,-0.066,-0.318,-0.384,-0.537,-0.288,-0.216,-0.312,0.035,-0.197,0.029,0.135,0.135,0.123,-0.17,-0.096,-0.025,0,-0.165
2016.04.07,08:45,1.455,1.607,1.399,1.257,1.025,0.601,0.519,0.218,0.367,0.306,0.365,0.424,0.099,-0.153,-0.219,-0.372,-0.123,-0.051,-0.147,0.2,-0.032,0.194,0.3,0.3,0.288,-0.005,0.069,0.14,0.165,0,-0.49
2016.04.07,09:00,2.097,1.889,1.747,1.515,1.091,1.009,0.708,0.857,0.796,0.855,0.914,0.589,0.337,0.271,0.118,0.367,0.439,0.343,0.69,0.458,0.684,0.79,0.79,0.778,0.485,0.559,0.63,0.655,0.49,0,0.376
2016.04.07,09:15,1.513,1.371,1.139,0.715,0.633,0.332,0.481,0.42,0.479,0.538,0.213,-0.039,-0.105,-0.258,-0.009,0.063,-0.033,0.314,0.082,0.308,0.414,0.414,0.402,0.109,0.183,0.254,0.279,0.114,-0.376,0,0.086
2016.04.07,09:30,1.285,1.053,0.629,0.547,0.246,0.395,0.334,0.393,0.452,0.127,-0.125,-0.191,-0.344,-0.095,-0.023,-0.119,0.228,-0.004,0.222,0.328,0.328,0.316,0.023,0.097,0.168,0.193,0.028,-0.462,-0.086,0,-0.125
2016.04.07,09:45,1.178,0.754,0.672,0.371,0.52,0.459,0.518,0.577,0.252,0,-0.066,-0.219,0.03,0.102,0.006,0.353,0.121,0.347,0.453,0.453,0.441,0.148,0.222,0.293,0.318,0.153,-0.337,0.039,0.125,0,-0.173
2016.04.07,10:00,0.927,0.845,0.544,0.693,0.632,0.691,0.75,0.425,0.173,0.107,-0.046,0.203,0.275,0.179,0.526,0.294,0.52,0.626,0.626,0.614,0.321,0.395,0.466,0.491,0.326,-0.164,0.212,0.298,0.173,0,-0.039
2016.04.07,10:15,0.884,0.583,0.732,0.671,0.73,0.789,0.464,0.212,0.146,-0.007,0.242,0.314,0.218,0.565,0.333,0.559,0.665,0.665,0.653,0.36,0.434,0.505,0.53,0.365,-0.125,0.251,0.337,0.212,0.039,0,-0.052
2016.04.07,10:30,0.635,0.784,0.723,0.782,0.841,0.516,0.264,0.198,0.045,0.294,0.366,0.27,0.617,0.385,0.611,0.717,0.717,0.705,0.412,0.486,0.557,0.582,0.417,-0.073,0.303,0.389,0.264,0.091,0.052,0,-0.139
2016.04.07,10:45,0.923,0.862,0.921,0.98,0.655,0.403,0.337,0.184,0.433,0.505,0.409,0.756,0.524,0.75,0.856,0.856,0.844,0.551,0.625,0.696,0.721,0.556,0.066,0.442,0.528,0.403,0.23,0.191,0.139,0,0.118
2016.04.07,11:00,0.744,0.803,0.862,0.537,0.285,0.219,0.066,0.315,0.387,0.291,0.638,0.406,0.632,0.738,0.738,0.726,0.433,0.507,0.578,0.603,0.438,-0.052,0.324,0.41,0.285,0.112,0.073,0.021,-0.118,0,0.041
2016.04.07,11:15,0.762,0.821,0.496,0.244,0.178,0.025,0.274,0.346,0.25,0.597,0.365,0.591,0.697,0.697,0.685,0.392,0.466,0.537,0.562,0.397,-0.093,0.283,0.369,0.244,0.071,0.032,-0.02,-0.159,-0.041,0,-0.054
2016.04.07,11:30,0.875,0.55,0.298,0.232,0.079,0.328,0.4,0.304,0.651,0.419,0.645,0.751,0.751,0.739,0.446,0.52,0.591,0.616,0.451,-0.039,0.337,0.423,0.298,0.125,0.086,0.034,-0.105,0.013,0.054,0,0.129
2016.04.07,11:45,0.421,0.169,0.103,-0.05,0.199,0.271,0.175,0.522,0.29,0.516,0.622,0.622,0.61,0.317,0.391,0.462,0.487,0.322,-0.168,0.208,0.294,0.169,-0.004,-0.043,-0.095,-0.234,-0.116,-0.075,-0.129,0,-0.087
2016.04.07,12:00,0.256,0.19,0.037,0.286,0.358,0.262,0.609,0.377,0.603,0.709,0.709,0.697,0.404,0.478,0.549,0.574,0.409,-0.081,0.295,0.381,0.256,0.083,0.044,-0.008,-0.147,-0.029,0.012,-0.042,0.087,0,-0.063
2016.04.07,12:15,0.253,0.1,0.349,0.421,0.325,0.672,0.44,0.666,0.772,0.772,0.76,0.467,0.541,0.612,0.637,0.472,-0.018,0.358,0.444,0.319,0.146,0.107,0.055,-0.084,0.034,0.075,0.021,0.15,0.063,0,0.069
2016.04.07,12:30,0.031,0.28,0.352,0.256,0.603,0.371,0.597,0.703,0.703,0.691,0.398,0.472,0.543,0.568,0.403,-0.087,0.289,0.375,0.25,0.077,0.038,-0.014,-0.153,-0.035,0.006,-0.048,0.081,-0.006,-0.069,0,0.126
2016.04.07,12:45,0.154,0.226,0.13,0.477,0.245,0.471,0.577,0.577,0.565,0.272,0.346,0.417,0.442,0.277,-0.213,0.163,0.249,0.124,-0.049,-0.088,-0.14,-0.279,-0.161,-0.12,-0.174,-0.045,-0.132,-0.195,-0.126,0,0.066
2016.04.07,13:00,0.16,0.064,0.411,0.179,0.405,0.511,0.511,0.499,0.206,0.28,0.351,0.376,0.211,-0.279,0.097,0.183,0.058,-0.115,-0.154,-0.206,-0.345,-0.227,-0.186,-0.24,-0.111,-0.198,-0.261,-0.192,-0.066,0,0.076
2016.04.07,13:15,-0.012,0.335,0.103,0.329,0.435,0.435,0.423,0.13,0.204,0.275,0.3,0.135,-0.355,0.021,0.107,-0.018,-0.191,-0.23,-0.282,-0.421,-0.303,-0.262,-0.316,-0.187,-0.274,-0.337,-0.268,-0.142,-0.076,0,-0.344
2016.04.07,13:30,0.679,0.447,0.673,0.779,0.779,0.767,0.474,0.548,0.619,0.644,0.479,-0.011,0.365,0.451,0.326,0.153,0.114,0.062,-0.077,0.041,0.082,0.028,0.157,0.07,0.007,0.076,0.202,0.268,0.344,0,0.174
2016.04.07,13:45,0.273,0.499,0.605,0.605,0.593,0.3,0.374,0.445,0.47,0.305,-0.185,0.191,0.277,0.152,-0.021,-0.06,-0.112,-0.251,-0.133,-0.092,-0.146,-0.017,-0.104,-0.167,-0.098,0.028,0.094,0.17,-0.174,0,0.035
2016.04.07,14:00,0.464,0.57,0.57,0.558,0.265,0.339,0.41,0.435,0.27,-0.22,0.156,0.242,0.117,-0.056,-0.095,-0.147,-0.286,-0.168,-0.127,-0.181,-0.052,-0.139,-0.202,-0.133,-0.007,0.059,0.135,-0.209,-0.035,0,-0.053
2016.04.07,14:15,0.623,0.623,0.611,0.318,0.392,0.463,0.488,0.323,-0.167,0.209,0.295,0.17,-0.003,-0.042,-0.094,-0.233,-0.115,-0.074,-0.128,0.001,-0.086,-0.149,-0.08,0.046,0.112,0.188,-0.156,0.018,0.053,0,-0.004
2016.04.07,14:30,0.627,0.615,0.322,0.396,0.467,0.492,0.327,-0.163,0.213,0.299,0.174,0.001,-0.038,-0.09,-0.229,-0.111,-0.07,-0.124,0.005,-0.082,-0.145,-0.076,0.05,0.116,0.192,-0.152,0.022,0.057,0.004,0,0.191
2016.04.07,14:45,0.424,0.131,0.205,0.276,0.301,0.136,-0.354,0.022,0.108,-0.017,-0.19,-0.229,-0.281,-0.42,-0.302,-0.261,-0.315,-0.186,-0.273,-0.336,-0.267,-0.141,-0.075,0.001,-0.343,-0.169,-0.134,-0.187,-0.191,0,-0.006
2016.04.07,15:00,0.137,0.211,0.282,0.307,0.142,-0.348,0.028,0.114,-0.011,-0.184,-0.223,-0.275,-0.414,-0.296,-0.255,-0.309,-0.18,-0.267,-0.33,-0.261,-0.135,-0.069,0.007,-0.337,-0.163,-0.128,-0.181,-0.185,0.006,0,0.008
2016.04.07,15:15,0.203,0.274,0.299,0.134,-0.356,0.02,0.106,-0.019,-0.192,-0.231,-0.283,-0.422,-0.304,-0.263,-0.317,-0.188,-0.275,-0.338,-0.269,-0.143,-0.077,-0.001,-0.345,-0.171,-0.136,-0.189,-0.193,-0.002,-0.008,0,-0.057
2016.04.07,15:30,0.331,0.356,0.191,-0.299,0.077,0.163,0.038,-0.135,-0.174,-0.226,-0.365,-0.247,-0.206,-0.26,-0.131,-0.218,-0.281,-0.212,-0.086,-0.02,0.056,-0.288,-0.114,-0.079,-0.132,-0.136,0.055,0.049,0.057,0,-0.015
2016.04.07,15:45,0.371,0.206,-0.284,0.092,0.178,0.053,-0.12,-0.159,-0.211,-0.35,-0.232,-0.191,-0.245,-0.116,-0.203,-0.266,-0.197,-0.071,-0.005,0.071,-0.273,-0.099,-0.064,-0.117,-0.121,0.07,0.064,0.072,0.015,0,-0.042
2016.04.07,16:00,0.248,-0.242,0.134,0.22,0.095,-0.078,-0.117,-0.169,-0.308,-0.19,-0.149,-0.203,-0.074,-0.161,-0.224,-0.155,-0.029,0.037,0.113,-0.231,-0.057,-0.022,-0.075,-0.079,0.112,0.106,0.114,0.057,0.042,0,-0.082
2016.04.07,16:15,-0.16,0.216,0.302,0.177,0.004,-0.035,-0.087,-0.226,-0.108,-0.067,-0.121,0.008,-0.079,-0.142,-0.073,0.053,0.119,0.195,-0.149,0.025,0.06,0.007,0.003,0.194,0.188,0.196,0.139,0.124,0.082,0,-0.13
